Date / Time,Incident Number,Location,Nature,Incident ORI
10/1/2024 0:03,2024-00071507,1102 24TH AVE SE,Check Area,OK0140200
10/1/2024 0:06,2024-00071508,CLASSEN BLVD / E CEDAR LANE RD,Welfare Check,OK0140200
10/1/2024 0:13,2024-00071509,991 W STATE HWY 9 HWY,Motorist Assist,OK0140200
10/1/2024 0:13,2024-00071510,1800 BEAUMONT DR,Shots Heard,OK0140200
10/1/2024 0:17,2024-00071512,1201 12TH AVE NE,Trespassing,OK0140200
10/1/2024 0:18,2024-00071511,N FLOOD AVE / W ROBINSON ST,Traffic Stop,OK0140200
10/1/2024 0:21,2024-00071513,300 HAL MULDROW DR,Disturbance/Domestic,OK0140200
10/1/2024 0:36,2024-00071514,3182 JENKINS AVE,Traffic Stop,OK0140200
10/1/2024 0:37,2024-00071515,N FLOOD AVE / W ROBINSON ST,Traffic Stop,OK0140200
10/1/2024 0:40,2024-00071516,W BOYD ST / BUD WILKINSON DR,Traffic Stop,OK0140200
10/1/2024 0:48,2024-00071517,1325 CROWN POINT AVE,Disturbance/Domestic,OK0140200
10/1/2024 1:04,2024-00071519,2920 CHAUTAUQUA AVE,911 Call Nature Unknown,OK0140200
10/1/2024 1:06,2024-00014919,333 INTERSTATE DR,Unconscious/Fainting,14005
10/1/2024 1:06,2024-00019575,333 INTERSTATE DR,Unconscious/Fainting,EMSSTAT
10/1/2024 1:06,2024-00071518,333 INTERSTATE DR,Welfare Check,OK0140200
10/1/2024 1:34,2024-00019576,2000 ANN BRANDEN BLVD,Transfer/Interfacility,EMSSTAT
10/1/2024 1:40,2024-00071520,708 TIFFIN AVE,Noise Complaint,OK0140200
10/1/2024 1:40,2024-00014920,901 N PORTER AVE,Breathing Problems,14005
10/1/2024 1:40,2024-00019577,901 N PORTER AVE,Breathing Problems,EMSSTAT
10/1/2024 1:40,2024-00071521,901 N PORTER AVE,Contact a Subject,OK0140200
10/1/2024 2:05,2024-00071523,1874 12TH AVE SE,Welfare Check,OK0140200
10/1/2024 2:11,2024-00071522,3601 N FLOOD AVE,Motorist Assist,OK0140200
10/1/2024 2:16,2024-00071524,N FLOOD AVE / LEXINGTON AVE,Traffic Stop,OK0140200
10/1/2024 2:20,2024-00071528,911 W IMHOFF RD,Extra Patrol,OK0140200
10/1/2024 2:26,2024-00071525,2800 N I35 SB I,Welfare Check,OK0140200
10/1/2024 2:33,2024-00014921,2820 DEWEY AVE,Abdominal Pains/Problems,14005
10/1/2024 2:33,2024-00019578,2820 DEWEY AVE,Abdominal Pains/Problems,EMSSTAT
10/1/2024 2:38,2024-00014922,MM 106 NB I35,Chest Pain,14005
10/1/2024 2:38,2024-00019579,MM 106 NB I35,Chest Pain,EMSSTAT
10/1/2024 2:39,2024-00071526,1300 CROWN POINT AVE,Shots Heard,OK0140200
10/1/2024 2:45,2024-00014923,2680 N INTERSTATE DR,Hemorrhage/Lacerations,14005
10/1/2024 2:45,2024-00019580,2680 N INTERSTATE DR,Hemorrhage/Lacerations,EMSSTAT
10/1/2024 2:45,2024-00071527,2680 N INTERSTATE DR,Burglary,OK0140200
10/1/2024 2:53,2024-00014924,1432 24TH AVE SE,Hemorrhage/Lacerations,14005
10/1/2024 2:53,2024-00019581,1432 24TH AVE SE,Hemorrhage/Lacerations,EMSSTAT
10/1/2024 2:56,2024-00019582,3300 HEALTHPLEX PKWY,Transfer/Interfacility,EMSSTAT
10/1/2024 3:03,2024-00071529,820 W IMHOFF RD,Disturbance/Domestic,OK0140200
10/1/2024 3:12,2024-00019583,3300 HEALTHPLEX PKWY,Transfer/Interfacility,EMSSTAT
10/1/2024 3:48,2024-00014925,4501 W MAIN ST,Falls,14005
10/1/2024 3:48,2024-00019584,4501 W MAIN ST,Falls,EMSSTAT
10/1/2024 3:54,2024-00014926,1524 ASP AVE,Sick Person,14005
10/1/2024 3:54,2024-00019585,1524 ASP AVE,Sick Person,EMSSTAT
10/1/2024 4:06,2024-00019586,2000 ANN BRANDEN BLVD,Transfer/Interfacility,EMSSTAT
10/1/2024 4:08,2024-00014927,502 S UNIVERSITY BLVD,Abdominal Pains/Problems,14005
10/1/2024 4:08,2024-00019587,502 S UNIVERSITY BLVD,Abdominal Pains/Problems,EMSSTAT
10/1/2024 5:00,2024-00014928,4403 12TH AVE SE,Public Assist,14005
10/1/2024 5:44,2024-00071530,123 INTERSTATE DR,Assault,OK0140200
10/1/2024 6:04,2024-00014929,2820 DEWEY AVE,Chest Pain,14005
10/1/2024 6:04,2024-00019588,2820 DEWEY AVE,Chest Pain,EMSSTAT
10/1/2024 6:43,2024-00071531,514 N PORTER AVE,Trespassing,OK0140200
10/1/2024 6:48,2024-00014930,421 ENGLISH ELM LN,Stroke,14005
10/1/2024 6:48,2024-00019589,421 ENGLISH ELM LN,Breathing Problems,EMSSTAT
10/1/2024 6:52,2024-00071532,4250 W TECUMSEH RD,COP Relationships,OK0140200
10/1/2024 6:59,2024-00019590,3300 HEALTHPLEX PKWY,Transfer/Interfacility,EMSSTAT
10/1/2024 7:32,2024-00071534,430 S LAHOMA AVE,Vandalism,OK0140200
10/1/2024 7:36,2024-00071533,1224 24TH AVE SE,Traffic Stop,OK0140200
10/1/2024 7:39,2024-00071535,2400 12TH AVE NW,Traffic Stop,OK0140200
10/1/2024 7:48,2024-00071538,1520 HOMELAND AVE,Alarm,OK0140200
10/1/2024 7:51,2024-00071536,24TH AVE SE / TAHOE DR,Traffic Stop,OK0140200
10/1/2024 7:53,2024-00071537,2401 12TH AVE NW,Traffic Stop,OK0140200
10/1/2024 7:56,2024-00014931,6120 ALAMEDA ST,Fire Smoke Investigation,14005
10/1/2024 8:00,2024-00071539,509 LONE OAK DR,Animal at Large,OK0140200
10/1/2024 8:01,2024-00071547,W STATE HWY 9 HWY / MCGEE DR,Motorist Assist,OK0140200
10/1/2024 8:02,2024-00071540,48TH AVE NW / W ROCK CREEK RD,Welfare Check,OK0140200
10/1/2024 8:06,2024-00019591,2000 ANN BRANDEN BLVD,Transfer/Interfacility,EMSSTAT
10/1/2024 8:08,2024-00071541,2413 N FLOOD AVE,Traffic Stop,OK0140200
10/1/2024 8:09,2024-00071542,2330 N PORTER AVE,Trespassing,OK0140200
10/1/2024 8:09,2024-00071543,48TH AVE SE / E STATE HWY 9 HWY,MVA Non Injury,OK0140200
10/1/2024 8:11,2024-00071544,633 BARBOUR AVE,Larceny,OK0140200
10/1/2024 8:16,2024-00071545,419 S UNIVERSITY BLVD,Trespassing,OK0140200
10/1/2024 8:16,2024-00014932,2657 CLASSEN BLVD,Sick Person,14005
10/1/2024 8:16,2024-00019592,2657 CLASSEN BLVD,Sick Person,EMSSTAT
10/1/2024 8:21,2024-00071560,12TH AVE NE / E ROBINSON ST,MVA Non Injury,OK0140200
10/1/2024 8:21,2024-00071546,BISHOPS DR / W ROCK CREEK RD,Welfare Check,OK0140200
10/1/2024 8:23,2024-00071548,2801 E ROBINSON ST,Test Call,OK0140200
10/1/2024 8:31,2024-00071549,4429 60TH AVE NW,COP Problem Solving,OK0140200
10/1/2024 8:35,2024-00071562,N I35 SB I / I35 SB OFF RAMP 113 RAMP,MVA Non Injury,OK0140200
10/1/2024 8:38,2024-00071550,4600 60TH AVE NW,Traffic Stop,OK0140200
10/1/2024 8:39,2024-00071551,4600 60TH AVE NW,COP Problem Solving,OK0140200
10/1/2024 8:40,2024-00071605,4101 W MAIN ST,Larceny,OK0140200
10/1/2024 8:41,2024-00014933,4013 GYRFALCON DR,Sick Person,14005
10/1/2024 8:41,2024-00019593,4013 GYRFALCON DR,Sick Person,EMSSTAT
10/1/2024 8:42,2024-00071552,3975 60TH AVE NW,Traffic Stop,OK0140200
10/1/2024 8:44,2024-00071553,1717 W LINDSEY ST,Trespassing,OK0140200
10/1/2024 8:46,2024-00071558,210 S COCKREL AVE,Trespassing,OK0140200
10/1/2024 8:47,2024-00071554,622 N PORTER AVE,Disturbance/Domestic,OK0140200
10/1/2024 8:47,2024-00014934,4114 108TH AVE NE,Sick Person,14005
10/1/2024 8:47,2024-00019594,4114 108TH AVE NE,Sick Person,EMSSTAT
10/1/2024 8:47,2024-00071557,4114 108TH AVE NE,Welfare Check,OK0140200
10/1/2024 8:48,2024-00071555,1805 SOUTHCREST DR,Animal Complaint,OK0140200
10/1/2024 8:48,2024-00071556,225 E HIMES ST,Disturbance/Domestic,OK0140200
10/1/2024 8:53,2024-00071564,3603 CHATHAM CT,Runaway or Lost Child,OK0140200
10/1/2024 8:57,2024-00071559,4100 60TH AVE NW,Traffic Stop,OK0140200
10/1/2024 8:58,2024-00014935,800 CANADIAN TRAILS DR,Public Assist,14005
10/1/2024 9:04,2024-00071561,1607 JACKSON DR,Parking Problem,OK0140200
10/1/2024 9:07,2024-00071580,1615 WILSHIRE AVE,Harassment / Threats Report,OK0140200
10/1/2024 9:09,2024-00071566,3604 GLENBROOK DR,Alarm,OK0140200
10/1/2024 9:11,2024-00014936,N FLOOD AVE / I35 SB OFF RAMP 113 RAMP,MVA With Injuries,14005
10/1/2024 9:11,2024-00019595,N FLOOD AVE / I35 SB OFF RAMP 113 RAMP,MVA With Injuries,EMSSTAT
10/1/2024 9:11,2024-00019601,3300 HEALTHPLEX PKWY,Transfer/Interfacility,EMSSTAT
10/1/2024 9:12,2024-00071565,W TECUMSEH RD / 60TH AVE NW,Traffic Stop,OK0140200
10/1/2024 9:14,2024-00071567,218 S FLOOD AVE,Alarm,OK0140200
10/1/2024 9:16,2024-00071571,1432 GLEN ELLEN CIR,Found Item,OK0140200
10/1/2024 9:16,2024-00071569,TAHOE DR / 24TH AVE SE,Parking Problem,OK0140200
10/1/2024 9:20,2024-00071568,4220 48TH AVE NE,Traffic Stop,OK0140200
10/1/2024 9:33,2024-00071570,4210 60TH AVE NW,Traffic Stop,OK0140200
10/1/2024 9:35,2024-00071572,911 W MAIN ST,Escort/Transport,OK0140200
10/1/2024 9:36,2024-00014937,301 TRIAD VILLAGE DR,Falls,14005
10/1/2024 9:36,2024-00019596,301 TRIAD VILLAGE DR,Falls,EMSSTAT
10/1/2024 9:36,2024-00071573,1103 BILOXI DR,Disturbance/Domestic,OK0140200
10/1/2024 9:40,2024-00071574,4000 60TH AVE NW,Traffic Stop,OK0140200
10/1/2024 9:43,2024-00071578,ED NOBLE PKWY / W MAIN ST,Welfare Check,OK0140200
10/1/2024 9:44,2024-00071576,911 W IMHOFF RD,Extra Patrol,OK0140200
10/1/2024 9:47,2024-00071575,500 EMERALD WAY,Parking Problem,OK0140200
10/1/2024 9:51,2024-00071577,4521 60TH AVE NW,Traffic Stop,OK0140200
10/1/2024 9:58,2024-00071601,CHAUTAUQUA AVE / W IMHOFF RD,Harassment / Threats Report,OK0140200
10/1/2024 9:58,2024-00071579,1207 CHERRY LAUREL DR,Parking Problem,OK0140200
10/1/2024 10:08,2024-00071581,BARBOUR AVE / IOWA ST,Parking Problem,OK0140200
10/1/2024 10:11,2024-00071582,133 COOK AVE,Trespassing,OK0140200
10/1/2024 10:11,2024-00014938,5201 24TH AVE NE,Overdose/Poisoning,14005
10/1/2024 10:11,2024-00019597,5201 24TH AVE NE,Overdose/Poisoning,EMSSTAT
10/1/2024 10:14,2024-00071583,2543 E LINDSEY ST,Traffic Stop,OK0140200
10/1/2024 10:20,2024-00071584,E POST OAK RD / 120TH AVE SE,Traffic Stop,OK0140200
10/1/2024 10:21,2024-00071585,575 S UNIVERSITY BLVD,Parking Problem,OK0140200
10/1/2024 10:21,2024-00071589,2920 CHAUTAUQUA AVE,911 Call Nature Unknown,OK0140200
10/1/2024 10:21,2024-00071587,813 CAVECREEK ST,Vandalism,OK0140200
10/1/2024 10:29,2024-00071604,1415 GEORGE AVE,Larceny,OK0140200
10/1/2024 10:32,2024-00071586,1103 E LINDSEY ST,Civil Standby,OK0140200
10/1/2024 10:33,2024-00071588,PARSONS ST / ELM AVE,Parking Problem,OK0140200
10/1/2024 10:35,2024-00071590,3301 W MAIN ST,Runaway or Lost Child,OK0140200
10/1/2024 10:52,2024-00071591,1397 24TH AVE SE,Traffic Stop,OK0140200
10/1/2024 10:55,2024-00071592,"114 4TH ST, CROSS CENTER DR, NORMAN",Follow Up,OK0140200
10/1/2024 10:57,2024-00071593,580 BUCHANAN AVE,Parking Problem,OK0140200
10/1/2024 11:01,2024-00014939,701 E ROBINSON ST,Falls,14005
10/1/2024 11:01,2024-00019598,701 E ROBINSON ST,Falls,EMSSTAT
10/1/2024 11:08,2024-00071594,1733 CLASSEN BLVD,Traffic Stop,OK0140200
10/1/2024 11:12,2024-00014940,2433 WEATHERFORD DR,Hemorrhage/Lacerations,14005
10/1/2024 11:12,2024-00019599,2433 WEATHERFORD DR,Sick Person,EMSSTAT
10/1/2024 11:22,2024-00071595,705 W MAIN ST,Parking Problem,OK0140200
10/1/2024 11:24,2024-00071597,911 W MAIN ST,Parking Problem,OK0140200
10/1/2024 11:26,2024-00071596,35.2167183333333;-97.3311066666667,Traffic Stop,OK0140200
10/1/2024 11:27,2024-00071598,24TH AVE NW / W ROBINSON ST,Welfare Check,OK0140200
10/1/2024 11:34,2024-00014941,19375 LISA LN,Sick Person,14005
10/1/2024 11:34,2024-00019600,19375 LISA LN,Sick Person,EMSSTAT
10/1/2024 11:37,2024-00019607,3300 HEALTHPLEX PKWY,Transfer/Interfacility,EMSSTAT
10/1/2024 11:38,2024-00071599,125 VICKSBURG AVE,Contact a Subject,OK0140200
10/1/2024 11:38,2024-00071612,1310 ALAMEDA ST,Welfare Check,OK0140200
10/1/2024 11:39,2024-00071600,224 W GRAY ST,Trespassing,OK0140200
10/1/2024 11:45,2024-00019616,3300 HEALTHPLEX PKWY,Transfer/Interfacility,EMSSTAT
10/1/2024 11:47,2024-00014942,200 VICKSBURG AVE,Chest Pain,14005
10/1/2024 11:47,2024-00019602,200 VICKSBURG AVE,Chest Pain,EMSSTAT
10/1/2024 11:47,2024-00019609,3300 HEALTHPLEX PKWY,Transfer/Interfacility,EMSSTAT
10/1/2024 11:56,2024-00071616,5401 HUETTNER DR,Disturbance/Domestic,OK0140200
10/1/2024 11:57,2024-00014943,201 REED AVE,Public Assist,14005
10/1/2024 12:04,2024-00071602,3400 DESKIN DR,Runaway or Lost Child,OK0140200
10/1/2024 12:10,2024-00019622,3300 HEALTHPLEX PKWY,Transfer/Interfacility,EMSSTAT
10/1/2024 12:14,2024-00071603,2920 CHAUTAUQUA AVE,911 Call Nature Unknown,OK0140200
10/1/2024 12:16,2024-00071619,W MAIN ST / ED NOBLE PKWY,Check Area,OK0140200
10/1/2024 12:18,2024-00071608,911 W IMHOFF RD,Extra Patrol,OK0140200
10/1/2024 12:25,2024-00071606,N FLOOD AVE / W TECUMSEH RD,Welfare Check,OK0140200
10/1/2024 12:27,2024-00071607,2808 DEWEY AVE,Fight,OK0140200
10/1/2024 12:28,2024-00019603,3300 HEALTHPLEX PKWY,Transfer/Interfacility,EMSSTAT
10/1/2024 12:29,2024-00014944,2808 DEWEY AVE,Assault EMS Needed,14005
10/1/2024 12:29,2024-00019604,2808 DEWEY AVE,Assault EMS Needed,EMSSTAT
10/1/2024 12:35,2024-00071611,1209 ALAMEDA ST,Trespassing,OK0140200
10/1/2024 12:40,2024-00071610,24TH AVE SE / E STATE HWY 9 HWY,Traffic Stop,OK0140200
10/1/2024 12:44,2024-00071614,4133 MOORGATE CIR,Welfare Check,OK0140200
10/1/2024 12:46,2024-90000453,600 SW 24th AV,Larceny,OK0140200
10/1/2024 12:47,2024-00019624,3300 HEALTHPLEX PKWY,Transfer/Interfacility,EMSSTAT
10/1/2024 12:49,2024-00014945,201 JASON DR,Hemorrhage/Lacerations,14005
10/1/2024 12:49,2024-00019605,201 JASON DR,Hemorrhage/Lacerations,EMSSTAT
10/1/2024 12:49,2024-00071632,600 66TH AVE SE,Burglary,OK0140200
10/1/2024 12:50,2024-00071615,2248 E ROBINSON ST,Traffic Stop,OK0140200
10/1/2024 12:52,2024-00071617,320 12TH AVE NE,Mutual Aid,OK0140200
10/1/2024 12:53,2024-00019606,2000 ANN BRANDEN BLVD,Transfer/Interfacility,EMSSTAT
10/1/2024 13:01,2024-00071618,501 SW 19TH ST,Mutual Aid,OK0140200
10/1/2024 13:13,2024-90000454,749 Asp AV,Fraud,OK0140200
10/1/2024 13:20,2024-00071620,907 WOODLAKE DR,Parking Problem,OK0140200
10/1/2024 13:24,2024-00014946,24TH AVE SW / W LINDSEY ST,MVA With Injuries,14005
10/1/2024 13:24,2024-00019608,24TH AVE SW / W LINDSEY ST,MVA With Injuries,EMSSTAT
10/1/2024 13:24,2024-00019612,24TH AVE SW / W LINDSEY ST,MVA With Injuries,EMSSTAT
10/1/2024 13:24,2024-00071621,24TH AVE SW / W LINDSEY ST,MVA With Injuries,OK0140200
10/1/2024 13:28,2024-00019611,700 S TELEPHONE RD,Transfer/Interfacility,EMSSTAT
10/1/2024 13:29,2024-00071623,131 12TH AVE NE,Welfare Check,OK0140200
10/1/2024 13:34,2024-00014947,2707 WOODBRIAR DR,Fire Alarm,14005
10/1/2024 13:34,2024-00019610,700 S TELEPHONE RD,Transfer/Interfacility,EMSSTAT
10/1/2024 13:36,2024-00071622,300 HAL MULDROW DR,Harassment / Threats Report,OK0140200
10/1/2024 13:43,2024-00071624,4539 120TH AVE NE,Traffic Stop,OK0140200
10/1/2024 13:51,2024-00071629,2824 DEWEY AVE,Welfare Check,OK0140200
10/1/2024 13:52,2024-00071625,3290 CLASSEN BLVD,Follow Up,OK0140200
10/1/2024 13:54,2024-00071626,3973 W ROBINSON ST,Traffic Stop,OK0140200
10/1/2024 13:56,2024-00071631,3745 24TH AVE SE,Runaway or Lost Child,OK0140200
10/1/2024 13:57,2024-00071627,24TH AVE NE / ALEX PLAZA DR,Traffic Stop,OK0140200
10/1/2024 14:01,2024-00071628,4821 BAKER ST,Follow Up,OK0140200
10/1/2024 14:03,2024-00071630,4817 WINSTON DR,Follow Up,OK0140200
10/1/2024 14:12,2024-00071633,509 24TH AVE NE,Traffic Stop,OK0140200
10/1/2024 14:12,2024-00071634,594 24TH AVE NE,COP DDACTS,OK0140200
10/1/2024 14:14,2024-00071635,338 24TH AVE NE,Debris in Roadway,OK0140200
10/1/2024 14:17,2024-00071636,3651 CLASSEN BLVD,Follow Up,OK0140200
10/1/2024 14:23,2024-00014948,621 N SHERRY AVE,Sick Person,14005
10/1/2024 14:23,2024-00019614,621 N SHERRY AVE,Sick Person,EMSSTAT
10/1/2024 14:26,2024-00071637,435 24TH AVE NE,Traffic Stop,OK0140200
10/1/2024 14:27,2024-00071638,201 W GRAY ST,Pick Up Partner,OK0140200
10/1/2024 14:39,2024-00014949,202 W BOYD ST,Unconscious/Fainting,14005
10/1/2024 14:39,2024-00019615,202 W BOYD ST,Unconscious/Fainting,EMSSTAT
10/1/2024 14:40,2024-00071639,561 24TH AVE NE,Traffic Stop,OK0140200
10/1/2024 14:42,2024-90000455,3201 13th Pl,Larceny,OK0140200
10/1/2024 14:44,2024-00071641,2023 W LINDSEY ST,Fraud,OK0140200
10/1/2024 14:45,2024-00071647,201 W GRAY ST,Item Assignment,OK0140200
10/1/2024 14:45,2024-00071640,3529 36TH AVE NW,Traffic Stop,OK0140200
10/1/2024 14:48,2024-00071643,428 KANSAS ST,Open Door/Premises Check,OK0140200
10/1/2024 14:49,2024-00071642,569 24TH AVE NE,Traffic Stop,OK0140200
10/1/2024 14:50,2024-00071649,823 BILOXI DR,Harassment / Threats Report,OK0140200
10/1/2024 14:50,2024-00014950,1830 VALLEY RIDGE RD,Sick Person,14005
10/1/2024 14:50,2024-00019617,1830 VALLEY RIDGE RD,Sick Person,EMSSTAT
10/1/2024 14:51,2024-00071644,4129 QUAIL DR,Parking Problem,OK0140200
10/1/2024 14:53,2024-00071645,300 WHITE ST,Parking Problem,OK0140200
10/1/2024 14:55,2024-00071646,1919 W BOYD ST,Contact a Subject,OK0140200
10/1/2024 14:59,2024-00071651,1111 OAK TREE AVE,Hit and Run,OK0140200
10/1/2024 15:00,2024-00071652,201 W GRAY ST,Follow Up,OK0140200
10/1/2024 15:00,2024-00071648,1413 12TH AVE SE,Traffic Stop,OK0140200
10/1/2024 15:03,2024-00071650,581 24TH AVE NE,Traffic Stop,OK0140200
10/1/2024 15:07,2024-00071658,2821 DEWEY AVE,Welfare Check,OK0140200
10/1/2024 15:09,2024-00014951,1800 BOWLING GREEN CT,Public Assist,14005
10/1/2024 15:09,2024-00071653,120TH AND ETOWAH,COP Problem Solving,OK0140200
10/1/2024 15:11,2024-00071654,501 E ROBINSON ST,Trespassing,OK0140200
10/1/2024 15:12,2024-00071657,909 W TIMBERDELL RD,Alarm,OK0140200
10/1/2024 15:15,2024-00014952,3751 EAGLE CLIFF DR,Unconscious/Fainting,14005
10/1/2024 15:15,2024-00019618,3751 EAGLE CLIFF DR,Falls,EMSSTAT
10/1/2024 15:18,2024-00071655,3450 W MAIN ST,Traffic Stop,OK0140200
10/1/2024 15:19,2024-00071661,1704 PARKRIDGE DR,Vandalism,OK0140200
10/1/2024 15:19,2024-00071656,800 E ROBINSON ST,Traffic Stop,OK0140200
10/1/2024 15:21,2024-00014953,1401 COLLEGE AVE,Fire Alarm,14005
10/1/2024 15:22,2024-00071659,4798 E LINDSEY ST,Traffic Stop,OK0140200
10/1/2024 15:23,2024-00014954,800 LEXINGTON ST,Breathing Problems,14005
10/1/2024 15:23,2024-00019619,800 LEXINGTON ST,Breathing Problems,EMSSTAT
10/1/2024 15:23,2024-00071660,35.2460966666667;-97.492545,Traffic Stop,OK0140200
10/1/2024 15:25,2024-00071663,2808 DEWEY AVE,Supplement Report,OK0140200
10/1/2024 15:26,2024-00071662,440 ED NOBLE PKWY,Traffic Stop,OK0140200
10/1/2024 15:32,2024-00071664,615 W MAIN ST,Welfare Check,OK0140200
10/1/2024 15:34,2024-00071665,520 ED NOBLE PKWY,Contact a Subject,OK0140200
10/1/2024 15:38,2024-00071667,1900 RENAISSANCE DR,Welfare Check,OK0140200
10/1/2024 15:41,2024-00071666,601 12TH AVE NE,Suspicious,OK0140200
10/1/2024 15:43,2024-00071668,4110 POTOMAC DR,Fraud,OK0140200
10/1/2024 15:50,2024-00071669,1919 W BOYD ST,Contact a Subject,OK0140200
10/1/2024 15:52,2024-00071674,3745 24TH AVE SE,Runaway or Lost Child,OK0140200
10/1/2024 15:58,2024-00071670,1411 N FLOOD AVE,Traffic Stop,OK0140200
10/1/2024 15:58,2024-00071671,911 W MAIN ST,COP Relationships,OK0140200
10/1/2024 15:59,2024-00014955,1321 ABBEY DR,Sick Person,14005
10/1/2024 15:59,2024-00019620,1321 ABBEY DR,Sick Person,EMSSTAT
10/1/2024 16:00,2024-00071672,1809 STUBBEMAN AVE,COP Relationships,OK0140200
10/1/2024 16:02,2024-00071673,36TH AVE NW / W ROCK CREEK RD,Traffic Stop,OK0140200
10/1/2024 16:08,2024-00071675,2000 ANN BRANDEN BLVD,Assault,OK0140200
10/1/2024 16:10,2024-00071676,E BOYD ST / JENKINS AVE,MVA Non Injury,OK0140200
10/1/2024 16:11,2024-00071678,2305 W LINDSEY ST,Fraud,OK0140200
10/1/2024 16:13,2024-00071677,12TH AVE NW / W ROCK CREEK RD,MVA Non Injury,OK0140200
10/1/2024 16:14,2024-00071679,4255 120TH AVE SE,Contact a Subject,OK0140200
10/1/2024 16:15,2024-00019621,2000 ANN BRANDEN BLVD,Transfer/Interfacility,EMSSTAT
10/1/2024 16:16,2024-00071682,3749 24TH AVE SE,Welfare Check,OK0140200
10/1/2024 16:33,2024-00071680,1111 OAK TREE AVE,Disturbance/Domestic,OK0140200
10/1/2024 16:34,2024-00071683,112 W DAWS ST,Contact a Subject,OK0140200
10/1/2024 16:36,2024-00014956,301 E DALE ST,Stroke,14005
10/1/2024 16:36,2024-00019623,301 E DALE ST,Stroke,EMSSTAT
10/1/2024 16:45,2024-90000456,1921 NW 42nd STREET,Fraud,OK0140200
10/1/2024 16:47,2024-00014957,2100 36TH AVE NW,Chest Pain,14005
10/1/2024 16:47,2024-00019625,2100 36TH AVE NW,Chest Pain,EMSSTAT
10/1/2024 16:48,2024-00071684,2361 ALAMEDA ST,Motorist Assist,OK0140200
10/1/2024 16:49,2024-00071687,112 W DAWS ST,Contact a Subject,OK0140200
10/1/2024 16:52,2024-00071685,3001 OAK TREE AVE,Disturbance/Domestic,OK0140200
10/1/2024 16:55,2024-00071697,600 66TH AVE SE,Follow Up,OK0140200
10/1/2024 17:01,2024-00071686,1220 NEWBURY DR,Contact a Subject,OK0140200
10/1/2024 17:08,2024-00071688,726 MCCALL DR,Disturbance/Domestic,OK0140200
10/1/2024 17:13,2024-00014958,1050 RAMBLING OAKS DR,Unconscious/Fainting,14005
10/1/2024 17:13,2024-00019626,1050 RAMBLING OAKS DR,Unconscious/Fainting,EMSSTAT
10/1/2024 17:17,2024-00071689,1051 W ROCK CREEK RD,Alarm,OK0140200
10/1/2024 17:21,2024-00071693,333 INTERSTATE DR,Parking Problem,OK0140200
10/1/2024 17:23,2024-00071701,E MAIN ST / N FINDLAY AVE,MVA Non Injury,OK0140200
10/1/2024 17:24,2024-00071690,1525 IOWA ST,Parking Problem,OK0140200
10/1/2024 17:30,2024-00071691,1215 E LINDSEY ST,Larceny,OK0140200
10/1/2024 17:32,2024-00071692,1102 SEQUOYAH TRL,Welfare Check,OK0140200
10/1/2024 17:41,2024-00071694,E ROBINSON ST / N PETERS AVE,MVA Non Injury,OK0140200
10/1/2024 17:42,2024-00071695,911 W MAIN ST,Runaway or Lost Child,OK0140200
10/1/2024 17:48,2024-00071696,W TECUMSEH RD / N INTERSTATE DR,Drunk Driver,OK0140200
10/1/2024 17:57,2024-00071699,500 TIMBERBROOK DR,Open Door/Premises Check,OK0140200
10/1/2024 17:58,2024-00071698,W TECUMSEH RD / WELLSITE DR,Traffic Stop,OK0140200
10/1/2024 18:01,2024-00071700,125 VICKSBURG AVE,COP Relationships,OK0140200
10/1/2024 18:08,2024-00071702,2920 CHAUTAUQUA AVE,911 Call Nature Unknown,OK0140200
10/1/2024 18:09,2024-00071708,1215 E ROBINSON ST,Drug Violation,OK0140200
10/1/2024 18:11,2024-00071703,2900 OAK TREE AVE,Larceny,OK0140200
10/1/2024 18:11,2024-00071705,3300 HEALTHPLEX PKWY,Welfare Check,OK0140200
10/1/2024 18:12,2024-00071704,1120 N JONES AVE,Disturbance/Domestic,OK0140200
10/1/2024 18:19,2024-00071749,707 JUNIPER LN,Barking Dog,OK0140200
10/1/2024 18:20,2024-00071741,3208 SWAN HOLLOW DR,Animal Complaint,OK0140200
10/1/2024 18:21,2024-00019627,2000 ANN BRANDEN BLVD,Transfer/Interfacility,EMSSTAT
10/1/2024 18:24,2024-00071706,400 N I35 SB I,Traffic Stop,OK0140200
10/1/2024 18:27,2024-00071707,218 N FLOOD AVE,Burglary,OK0140200
10/1/2024 18:27,2024-00071709,N FLOOD AVE / W TECUMSEH RD,Motorist Assist,OK0140200
10/1/2024 18:30,2024-00014959,6613 E ROBINSON ST,Fire Alarm,14005
10/1/2024 18:33,2024-00014960,715 TARKINGTON DR,Public Assist,14005
10/1/2024 18:33,2024-00019629,715 TARKINGTON DR,Falls,EMSSTAT
10/1/2024 18:35,2024-00014961,E TONHAWA ST / N PORTER AVE,Carbon Mon/Inhalation/HazMat,14005
10/1/2024 18:35,2024-00019628,E TONHAWA ST / N PORTER AVE,Assist Fire,EMSSTAT
10/1/2024 18:35,2024-00071710,E TONHAWA ST / N PORTER AVE,Hazmat,OK0140200
10/1/2024 18:38,2024-00071711,4701 HERITAGE PLACE DR,Disturbance/Domestic,OK0140200
10/1/2024 18:40,2024-00071712,1305 N PORTER AVE,MVA Non Injury,OK0140200
10/1/2024 18:42,2024-00071714,48TH AVE NE / E TECUMSEH RD,Welfare Check,OK0140200
10/1/2024 18:42,2024-00071713,3008 SHADOWHILL ST,Disturbance/Domestic,OK0140200
10/1/2024 18:58,2024-00071715,1516 JAMES DR,Civil Standby,OK0140200
10/1/2024 19:02,2024-00071716,800 W ROBINSON ST,Welfare Check,OK0140200
10/1/2024 19:13,2024-00014962,119 W APACHE ST,Fire Alarm,14005
10/1/2024 19:16,2024-00014963,3433 CRAMPTON GAP WAY,Sick Person,14005
10/1/2024 19:16,2024-00019630,3433 CRAMPTON GAP WAY,Sick Person,EMSSTAT
10/1/2024 19:16,2024-00071717,W ROBINSON ST / CROSSROADS BLVD,Traffic Stop,OK0140200
10/1/2024 19:17,2024-00071729,1713 VANESSA DR,Harassment / Threats Report,OK0140200
10/1/2024 19:20,2024-00071718,2418 W BROOKS ST,Larceny,OK0140200
10/1/2024 19:22,2024-00071719,2300 W LINDSEY ST,MVA Non Injury,OK0140200
10/1/2024 19:25,2024-00014964,500 W IMHOFF RD,Sick Person,14005
10/1/2024 19:25,2024-00019631,500 W IMHOFF RD,Sick Person,EMSSTAT
10/1/2024 19:27,2024-00071763,2821 DEWEY AVE,Noise Complaint,OK0140200
10/1/2024 19:34,2024-00071722,IOWA ST / BARBOUR AVE,Parking Problem,OK0140200
10/1/2024 19:42,2024-00071727,1004 W ROBINSON ST,Found Item,OK0140200
10/1/2024 19:42,2024-00071720,2400 W BROOKS ST,Check Area,OK0140200
10/1/2024 19:43,2024-00014965,2154 W BROOKS ST,Overdose/Poisoning,14005
10/1/2024 19:43,2024-00019632,2154 W BROOKS ST,Overdose/Poisoning,EMSSTAT
10/1/2024 19:43,2024-00071725,2154 W BROOKS ST,Welfare Check,OK0140200
10/1/2024 19:43,2024-00071721,1244 W ROCK CREEK RD,Traffic Stop,OK0140200
10/1/2024 19:46,2024-00071723,409 NORTH BASE AVE,Disturbance/Domestic,OK0140200
10/1/2024 19:47,2024-00071747,2808 DEWEY AVE,Harassment / Threats Report,OK0140200
10/1/2024 19:47,2024-00071724,VICKSBURG AVE / ALAMEDA ST,Traffic Stop,OK0140200
10/1/2024 19:51,2024-00071750,1345 12TH AVE NE,Animal Vicious,OK0140200
10/1/2024 19:56,2024-00071726,3032 PINECREST ST,Welfare Check,OK0140200
10/1/2024 20:06,2024-00071733,CARRINGTON LN / WARRINGTON WAY,Animal Injured,OK0140200
10/1/2024 20:09,2024-00071728,1127 E MAIN ST,Traffic Stop,OK0140200
10/1/2024 20:21,2024-00071730,1210 N FLOOD AVE,Suspicious,OK0140200
10/1/2024 20:24,2024-00071740,2609 CHATEAU DR,Runaway or Lost Child,OK0140200
10/1/2024 20:26,2024-00071732,1239 W MAIN ST,Suspicious,OK0140200
10/1/2024 20:27,2024-00071731,1014 E MAIN ST,Disturbance/Domestic,OK0140200
10/1/2024 20:33,2024-00071734,156TH AVE SE / E STATE HWY 9 HWY,Animal Injured,OK0140200
10/1/2024 20:45,2024-00019633,2000 ANN BRANDEN BLVD,Transfer/Interfacility,EMSSTAT
10/1/2024 20:48,2024-00014967,615 W MAIN ST,Heart Problems/AICD,14005
10/1/2024 20:48,2024-00019635,615 W MAIN ST,Heart Problems/AICD,EMSSTAT
10/1/2024 20:48,2024-00071735,615 W MAIN ST,Welfare Check,OK0140200
10/1/2024 20:54,2024-00071753,1000 ALAMEDA ST,Larceny,OK0140200
10/1/2024 20:56,2024-00071736,2440 W MAIN ST,Contact a Subject,OK0140200
10/1/2024 20:57,2024-00014966,12TH AVE NE / E ROCK CREEK RD,MVA With Injuries,14005
10/1/2024 20:57,2024-00019634,12TH AVE NE / E ROCK CREEK RD,MVA With Injuries,EMSSTAT
10/1/2024 20:57,2024-00071737,12TH AVE NE / E ROCK CREEK RD,MVA With Injuries,OK0140200
10/1/2024 21:07,2024-00071739,320 N PETERS AVE,Harassment / Threats Report,OK0140200
10/1/2024 21:08,2024-00019636,700 S TELEPHONE RD,Transfer/Interfacility,EMSSTAT
10/1/2024 21:10,2024-00071738,1300 E LINDSEY ST,Drunk Driver,OK0140200
10/1/2024 21:15,2024-00071746,605 RANCHO DR,Welfare Check,OK0140200
10/1/2024 21:19,2024-00071742,2003 DURHAM PL,Alarm,OK0140200
10/1/2024 21:20,2024-00071745,508 ENGLISH ELM LN,911 Call Nature Unknown,OK0140200
10/1/2024 21:30,2024-00071744,108TH AVE NE / ALAMEDA DR,Animal Livestock,OK0140200
10/1/2024 21:31,2024-00071743,1200 W STATE HWY 9 HWY,Traffic Stop,OK0140200
10/1/2024 21:36,2024-00071752,925 W EUFAULA ST,Harassment / Threats Report,OK0140200
10/1/2024 21:36,2024-00071748,1616 ALAMEDA ST,Check Area,OK0140200
10/1/2024 21:37,2024-00071754,201 W GRAY ST,Contact a Subject,OK0140200
10/1/2024 21:43,2024-00071751,2100 24TH AVE SE,Alarm,OK0140200
10/1/2024 21:52,2024-00071759,W BOYD ST / JENKINS AVE,Foot Patrol,OK0140200
10/1/2024 21:56,2024-00071755,322 ALAMEDA ST,Suspicious,OK0140200
10/1/2024 21:58,2024-00014968,401 12TH AVE SE,Public Assist,14005
10/1/2024 21:58,2024-00019638,401 12TH AVE SE,Sick Person,EMSSTAT
10/1/2024 21:58,2024-00071756,401 12TH AVE SE,Welfare Check,OK0140200
10/1/2024 22:00,2024-00014969,2550 W FRANKLIN RD,Cardiac Respritory Arrest,14005
10/1/2024 22:00,2024-00019637,2550 W FRANKLIN RD,Cardiac Respritory Arrest,EMSSTAT
10/1/2024 22:05,2024-00014970,1405 ELM AVE,Fire Alarm,14005
10/1/2024 22:24,2024-00071768,1900 RENAISSANCE DR,Harassment / Threats Report,OK0140200
10/1/2024 22:25,2024-00071757,1839 W MAIN ST,Traffic Stop,OK0140200
10/1/2024 22:29,2024-00071758,820 CHAUTAUQUA AVE,Suspicious,OK0140200
10/1/2024 22:30,2024-00071764,650 W LINDSEY ST,Noise Complaint,OK0140200
10/1/2024 22:33,2024-00071760,915 GARVER ST,Welfare Check,OK0140200
10/1/2024 22:36,2024-00071765,1327 E LINDSEY ST,Alarm,OK0140200
10/1/2024 22:42,2024-00071766,320 12TH AVE SE,Alarm,OK0140200
10/1/2024 22:43,2024-00071762,12609 NELSON LN,Mutual Aid,OK0140200
10/1/2024 22:44,2024-00071761,270 E LINDSEY ST,Traffic Stop,OK0140200
10/1/2024 22:44,2024-00071769,W LINDSEY ST / ELM AVE,Foot Patrol,OK0140200
10/1/2024 22:47,2024-00071767,2500 W MAIN ST,Check Area,OK0140200
10/1/2024 23:02,2024-00071786,144TH AVE NE / SE 149TH ST,Animal Livestock,OK0140200
10/1/2024 23:03,2024-00071770,3263 CLASSEN BLVD,Traffic Stop,OK0140200
10/1/2024 23:06,2024-00071776,STUBBEMAN AVE / W ROBINSON ST,Reckless Driving,OK0140200
10/1/2024 23:07,2024-00071771,225 INTERSTATE DR,Disturbance/Domestic,OK0140200
10/1/2024 23:09,2024-00014971,2550 W FRANKLIN RD,Sick Person,14005
10/1/2024 23:09,2024-00019639,2550 W FRANKLIN RD,Sick Person,EMSSTAT
10/1/2024 23:17,2024-00071772,118 12TH AVE SE,Traffic Stop,OK0140200
10/1/2024 23:25,2024-00071773,301 E ROBINSON ST,Traffic Stop,OK0140200
10/1/2024 23:42,2024-00071774,3701 24TH AVE SE,Suspicious,OK0140200
10/1/2024 23:49,2024-00071777,E LINDSEY ST / GEORGE AVE,Traffic Stop,OK0140200
10/1/2024 23:58,2024-00071782,752 ASP AVE,Alarm,OK0140200
10/1/2024 23:58,2024-00071778,2716 CREEKVIEW PL,Open Door/Premises Check,OK0140200
10/1/2024 23:59,2024-00071775,840 24TH AVE SW,Assault,OK0140200
10/1/2024 23:59,2024-00071779,840 24TH AVE SW,Disturbance/Domestic,OK0140200
10/1/2024 23:59,2024-00071785,2120 24TH AVE NW,Alarm,OK0140200
10/2/2024 0:06,2024-00071780,1717 W LINDSEY ST,Disturbance/Domestic,OK0140200
10/2/2024 0:08,2024-00071781,337 12TH AVE SE,Traffic Stop,OK0140200
10/2/2024 0:09,2024-00014972,1050 RAMBLING OAKS DR,Unconscious/Fainting,14005
10/2/2024 0:09,2024-00019640,1050 RAMBLING OAKS DR,Unconscious/Fainting,EMSSTAT
10/2/2024 0:21,2024-00014973,201 REED AVE,Sick Person,14005
10/2/2024 0:21,2024-00019641,201 REED AVE,Sick Person,EMSSTAT
10/2/2024 0:23,2024-00071784,2021 CONWAY DR,Barking Dog,OK0140200
10/2/2024 0:24,2024-00071783,1849 E LINDSEY ST,Traffic Stop,OK0140200
10/2/2024 0:31,2024-00014974,1776 E ROBINSON ST,Breathing Problems,14005
10/2/2024 0:31,2024-00019642,1776 E ROBINSON ST,Breathing Problems,EMSSTAT
10/2/2024 0:45,2024-00071787,756 CLASSEN BLVD,Traffic Stop,OK0140200
10/2/2024 0:46,2024-00071788,1201 12TH AVE NE,Trespassing,OK0140200
10/2/2024 0:46,2024-00071793,1201 12TH AVE NE,Missing Person,OK0140200
10/2/2024 0:48,2024-00071789,1251 ALAMEDA ST,Suspicious,OK0140200
10/2/2024 0:52,2024-00014975,1351 HIGH MEADOWS DR,Unconscious/Fainting,14005
10/2/2024 0:52,2024-00019643,1351 HIGH MEADOWS DR,Unconscious/Fainting,EMSSTAT
10/2/2024 0:55,2024-00071790,CHAUTAUQUA AVE / CRUCE ST,Traffic Stop,OK0140200
10/2/2024 1:09,2024-00071792,1709 IOWA ST,Barking Dog,OK0140200
10/2/2024 1:15,2024-00071791,S JAMES GARNER AVE / W EUFAULA ST,Traffic Stop,OK0140200
10/2/2024 1:19,2024-00071794,1831 W ROBINSON ST,Traffic Stop,OK0140200
10/2/2024 1:20,2024-00071795,2440 W MAIN ST,Welfare Check,OK0140200
10/2/2024 1:35,2024-00071796,211 N PORTER AVE,Suspicious,OK0140200
10/2/2024 1:49,2024-00071797,120TH AVE SE / E CEDAR LANE RD,Animal Livestock,OK0140200
10/2/2024 1:59,2024-00071798,E BOYD ST / CLASSEN BLVD,Traffic Stop,OK0140200
10/2/2024 2:15,2024-00014976,WHITE ST / BUCHANAN AVE,Assault EMS Needed,14005
10/2/2024 2:15,2024-00019644,WHITE ST / BUCHANAN AVE,Assault EMS Needed,EMSSTAT
10/2/2024 2:15,2024-00071799,WHITE ST / BUCHANAN AVE,Disturbance/Domestic,OK0140200
10/2/2024 2:34,2024-00014977,434 BUCHANAN AVE,Assault EMS Needed,14005
10/2/2024 2:34,2024-00019645,434 BUCHANAN AVE,Assault EMS Needed,EMSSTAT
10/2/2024 2:44,2024-00071800,1251 ALAMEDA ST,Contact a Subject,OK0140200
10/2/2024 2:54,2024-00071801,1130 ALAMEDA ST,Alarm,OK0140200
10/2/2024 3:17,2024-00019646,2000 ANN BRANDEN BLVD,Transfer/Interfacility,EMSSTAT
10/2/2024 3:30,2024-00071802,1080 24TH AVE SE,Traffic Stop,OK0140200
10/2/2024 3:38,2024-00014978,1122 24TH AVE SW,Breathing Problems,14005
10/2/2024 3:38,2024-00019647,1122 24TH AVE SW,Breathing Problems,EMSSTAT
10/2/2024 3:38,2024-00071803,1122 24TH AVE SW,Contact a Subject,OK0140200
10/2/2024 3:57,2024-00071804,201 S CRAWFORD AVE,Alarm,OK0140200
10/2/2024 4:16,2024-00014979,542 S UNIVERSITY BLVD,Unconscious/Fainting,14005
10/2/2024 4:16,2024-00019648,542 S UNIVERSITY BLVD,Unconscious/Fainting,EMSSTAT
10/2/2024 4:16,2024-00071805,542 S UNIVERSITY BLVD,Welfare Check,OK0140200
10/2/2024 4:28,2024-00019649,3300 HEALTHPLEX PKWY,Transfer/Interfacility,EMSSTAT
10/2/2024 4:38,2024-00071806,2309 HOUSTON AVE,Disturbance/Domestic,OK0140200
10/2/2024 4:40,2024-00014980,1315 LUKE LN,Public Assist,14005
10/2/2024 4:42,2024-00014981,3217 N FLOOD AVE,Fire Alarm,14005
10/2/2024 5:26,2024-00071807,2601 PARKWAY DR,Alarm,OK0140200
10/2/2024 5:33,2024-00071808,125 INTERSTATE DR,Open Door/Premises Check,OK0140200
10/2/2024 5:46,2024-00071809,1520 HOLLYWOOD AVE,Welfare Check,OK0140200
10/2/2024 6:06,2024-00019651,3300 HEALTHPLEX PKWY,Transfer/Interfacility,EMSSTAT
10/2/2024 6:11,2024-00014982,2453 VAN BUREN ST,MVA With Injuries,14005
10/2/2024 6:11,2024-00019650,2453 VAN BUREN ST,MVA With Injuries,EMSSTAT
10/2/2024 6:11,2024-00071810,2453 VAN BUREN ST,MVA Non Injury,OK0140200
10/2/2024 6:56,2024-00071811,1117 24TH AVE NW,Trespassing,OK0140200
10/2/2024 6:58,2024-00071812,N I35 SB I / I35 SB ON RAMP 112 RAMP,Welfare Check,OK0140200
10/2/2024 7:31,2024-00071819,311 WILLOW BRANCH RD,Larceny,OK0140200
10/2/2024 7:34,2024-00071813,520 WYLIE RD,Harassment / Threats Report,OK0140200
10/2/2024 7:36,2024-00019652,2120 BROADWAY AVE,Transfer/Interfacility,EMSSTAT
10/2/2024 7:44,2024-00071814,411 ELM AVE,Check Area,OK0140200
10/2/2024 7:50,2024-00071815,404 W ROBINSON ST,Traffic Stop,OK0140200
10/2/2024 7:54,2024-00071816,12TH AVE SE / CLASSEN BLVD,Motorist Assist,OK0140200
10/2/2024 8:00,2024-00071817,12TH AVE NE / E FRANKLIN RD,Animal Dead,OK0140200
10/2/2024 8:00,2024-00071830,401 N FINDLAY AVE,Animal Complaint,OK0140200
10/2/2024 8:00,2024-00071825,TULSA ST / OKLAHOMA AVE,Animal Dead,OK0140200
10/2/2024 8:01,2024-00071818,W ROBINSON ST / 24TH AVE NW,Check Area,OK0140200
10/2/2024 8:06,2024-00071821,7401 E STATE HWY 9 HWY,Parking Problem,OK0140200
10/2/2024 8:12,2024-00014983,600 24TH AVE SW,Unconscious/Fainting,14005
10/2/2024 8:12,2024-00019653,600 24TH AVE SW,Unconscious/Fainting,EMSSTAT
10/2/2024 8:16,2024-00071829,120 MCSHA PL,Found Item,OK0140200
10/2/2024 8:17,2024-00071820,NORTHRIDGE RD / VALLEY RIDGE RD,Animal Vicious,OK0140200
10/2/2024 8:26,2024-00071822,W ROBINSON ST / 24TH AVE NW,Welfare Check,OK0140200
10/2/2024 8:26,2024-00071826,2516 WATERLEAF DR,MVA Non Injury,OK0140200
10/2/2024 8:31,2024-00071823,2303 W MAIN ST,Trespassing,OK0140200
10/2/2024 8:34,2024-00014984,E LINDSEY ST / 12TH AVE SE,MVA With Injuries,14005
10/2/2024 8:34,2024-00019654,E LINDSEY ST / 12TH AVE SE,MVA With Injuries,EMSSTAT
10/2/2024 8:34,2024-00071824,E LINDSEY ST / 12TH AVE SE,MVA With Injuries,OK0140200
10/2/2024 8:38,2024-00071831,N FLOOD AVE / 24TH AVE NW,MVA Non Injury,OK0140200
10/2/2024 8:38,2024-00071827,15552 E STATE HWY 9 HWY,Traffic Stop,OK0140200
10/2/2024 8:44,2024-00071828,N CRAWFORD AVE / E RIDGE RD,Traffic Stop,OK0140200
10/2/2024 8:52,2024-00071850,1808 W LINDSEY ST,Alarm,OK0140200
10/2/2024 8:53,2024-00071849,1234 WINDSOR WAY,Larceny,OK0140200
10/2/2024 8:59,2024-00071832,E MAIN ST / N PORTER AVE,Welfare Check,OK0140200
10/2/2024 9:03,2024-00014985,1801 TEXAS ST,Breathing Problems,14005
10/2/2024 9:03,2024-00019655,1801 TEXAS ST,Breathing Problems,EMSSTAT
10/2/2024 9:06,2024-00071833,906 24TH AVE NE,Traffic Stop,OK0140200
10/2/2024 9:08,2024-00014986,813 E EUFAULA ST,Unconscious/Fainting,14005
10/2/2024 9:08,2024-00019656,813 E EUFAULA ST,Unconscious/Fainting,EMSSTAT
10/2/2024 9:09,2024-00071834,1122 24TH AVE SW,Suspicious,OK0140200
10/2/2024 9:11,2024-00014987,6511 CROOKED OAK CIR,Convulsion/Seizure,14005
10/2/2024 9:11,2024-00019657,6511 CROOKED OAK CIR,Convulsion/Seizure,EMSSTAT
10/2/2024 9:12,2024-00000150,E STATE HWY 9 HWY/192ND,Fire Grass,14009
10/2/2024 9:12,2024-00014988,E STATE HWY 9 HWY/192ND,Fire Grass,14005
10/2/2024 9:18,2024-00014990,36TH AVE NW / W TECUMSEH RD,Fire Grass,14005
10/2/2024 9:18,2024-00019659,2000 ANN BRANDEN BLVD,Transfer/Interfacility,EMSSTAT
10/2/2024 9:19,2024-00014989,1150 ALAMEDA ST,Convulsion/Seizure,14005
10/2/2024 9:19,2024-00019658,1150 ALAMEDA ST,Convulsion/Seizure,EMSSTAT
10/2/2024 9:20,2024-00014991,1724 CHAUCER DR,Public Assist,14005
10/2/2024 9:24,2024-00071846,333 INTERSTATE DR,Contact a Subject,OK0140200
10/2/2024 9:24,2024-00071836,705 N PORTER AVE,Civil Standby,OK0140200
10/2/2024 9:26,2024-00071835,311 WILLOW BRANCH RD,Supplement Report,OK0140200
10/2/2024 9:32,2024-00071840,2201 E IMHOFF RD,Alarm,OK0140200
10/2/2024 9:32,2024-00071861,209 24TH AVE NW,Harassment / Threats Report,OK0140200
10/2/2024 9:35,2024-00071839,1311 DA VINCI ST,Pick Up Partner,OK0140200
10/2/2024 9:38,2024-00071837,326 EMELYN ST,Parking Problem,OK0140200
10/2/2024 9:41,2024-00014992,1333 12TH AVE NE,Breathing Problems,14005
10/2/2024 9:41,2024-00019660,1333 12TH AVE NE,Breathing Problems,EMSSTAT
10/2/2024 9:42,2024-90000457,3924 Painted Bird Lane,Fraud,OK0140200
10/2/2024 9:45,2024-00071838,1100 W SYMMES ST,Animal Dead,OK0140200
10/2/2024 9:51,2024-00014993,5000 N I35 NB I,MVA With Injuries,14005
10/2/2024 9:51,2024-00019661,5000 N I35 NB I,MVA With Injuries,EMSSTAT
10/2/2024 9:53,2024-00014994,600 24TH AVE SW,Abdominal Pains/Problems,14005
10/2/2024 9:53,2024-00019662,600 24TH AVE SW,Abdominal Pains/Problems,EMSSTAT
10/2/2024 9:55,2024-00071841,1321 DENISON,Check Area,OK0140200
10/2/2024 9:55,2024-00071842,1321 DENISON DR,Check Area,OK0140200
10/2/2024 10:02,2024-00071843,321 N WEBSTER AVE,Found Item,OK0140200
10/2/2024 10:04,2024-00014995,1161 12TH AVE NE,Unconscious/Fainting,14005
10/2/2024 10:04,2024-00019663,1161 12TH AVE NE,Unconscious/Fainting,EMSSTAT
10/2/2024 10:04,2024-00071845,1161 12TH AVE NE,Welfare Check,OK0140200
10/2/2024 10:06,2024-00071844,ELM AVE / W LINDSEY ST,Traffic Stop,OK0140200
10/2/2024 10:18,2024-00014996,1608 HOLLY CIR,Fire Alarm,14005
10/2/2024 10:20,2024-00071847,12609 NELSON LN,Harassment / Threats Report,OK0140200
10/2/2024 10:25,2024-00071848,1531 CAMDEN WAY,Animal Trapped,OK0140200
10/2/2024 10:32,2024-00071853,300 E EUFAULA ST,Contact a Subject,OK0140200
10/2/2024 10:33,2024-00071852,900 W MAIN ST,Mutual Aid,OK0140200
10/2/2024 10:34,2024-00071851,132 W HAYES ST,Follow Up,OK0140200
10/2/2024 10:39,2024-00071854,201 REED AVE,COP Relationships,OK0140200
10/2/2024 10:41,2024-00071859,201 W GRAY ST,Contact a Subject,OK0140200
10/2/2024 10:47,2024-00014997,916 SCHULZE DR,Public Assist,14005
10/2/2024 10:51,2024-00019664,903 E MAGUIRE,EMS Mutual Aid,EMSSTAT
10/2/2024 10:52,2024-00071856,S PETERS AVE / E MAIN ST,Welfare Check,OK0140200
10/2/2024 10:56,2024-00071855,900 N UNIVERSITY BLVD,Stake Out,OK0140200
10/2/2024 11:01,2024-00071860,1776 E ROBINSON ST,Escort/Transport,OK0140200
10/2/2024 11:03,2024-00071858,602 N FINDLAY AVE,Parking Problem,OK0140200
10/2/2024 11:04,2024-00071857,1209 AVONDALE DR,Parking Problem,OK0140200
10/2/2024 11:18,2024-00014998,7401 ALAMEDA DR,Chest Pain,14005
10/2/2024 11:18,2024-00019665,7401 ALAMEDA DR,Chest Pain,EMSSTAT
10/2/2024 11:21,2024-00014999,3500 HEALTHPLEX PKWY,Chest Pain,14005
10/2/2024 11:21,2024-00019666,3500 HEALTHPLEX PKWY,Chest Pain,EMSSTAT
10/2/2024 11:28,2024-00071862,1000 E ROBINSON ST,Welfare Check,OK0140200
10/2/2024 11:29,2024-00071871,1423 BILL CARROL DR,Fraud,OK0140200
10/2/2024 11:36,2024-00071876,1110 BARBARY DR,Pick Up Items,OK0140200
10/2/2024 11:39,2024-00071864,575 S UNIVERSITY BLVD,Parking Problem,OK0140200
10/2/2024 11:40,2024-00071863,9529 ETOWAH RD,Traffic Stop,OK0140200
10/2/2024 11:43,2024-00071869,201 W GRAY ST,Contact a Subject,OK0140200
10/2/2024 11:49,2024-00071865,1809 STUBBEMAN AVE,Harassment / Threats Report,OK0140200
10/2/2024 11:58,2024-00071866,120 CRYSTAL CT,Disturbance/Domestic,OK0140200
10/2/2024 11:59,2024-00071867,JACKSON DR / CREST PL,Animal at Large,OK0140200
10/2/2024 12:00,2024-00071868,317 WEWOKA DR,Animal Complaint,OK0140200
10/2/2024 12:06,2024-00015000,N FINDLAY AVE / E ROBINSON ST,MVA With Injuries,14005
10/2/2024 12:06,2024-00019667,N FINDLAY AVE / E ROBINSON ST,MVA With Injuries,EMSSTAT
10/2/2024 12:06,2024-00071870,N FINDLAY AVE / E ROBINSON ST,MVA With Injuries,OK0140200
10/2/2024 12:08,2024-00019670,3300 HEALTHPLEX PKWY,Transfer/Interfacility,EMSSTAT
10/2/2024 12:12,2024-00071877,3603 CHATHAM CT,Runaway or Lost Child,OK0140200
10/2/2024 12:22,2024-00015001,1203 REBECCA LN,Sick Person,14005
10/2/2024 12:22,2024-00019668,1203 REBECCA LN,Sick Person,EMSSTAT
10/2/2024 12:26,2024-00071875,3750 W MAIN ST,Larceny,OK0140200
10/2/2024 12:26,2024-00071872,2502 CHRISTINE DR,Welfare Check,OK0140200
10/2/2024 12:27,2024-00071873,1321 DENISON DR,Contact a Subject,OK0140200
10/2/2024 12:28,2024-00071874,N FLOOD AVE / W GRAY ST,Traffic Stop,OK0140200
10/2/2024 12:30,2024-00015002,3651 CLASSEN BLVD,Unconscious/Fainting,14005
10/2/2024 12:30,2024-00019669,3651 CLASSEN BLVD,Unconscious/Fainting,EMSSTAT
10/2/2024 12:34,2024-00071878,207 E VIDA WAY,Civil Standby,OK0140200
10/2/2024 12:40,2024-00071880,E CEDAR LANE RD / CLASSEN BLVD,Suspicious,OK0140200
10/2/2024 12:43,2024-00071879,W ROBINSON ST / N BERRY RD,Motorist Assist,OK0140200
10/2/2024 12:46,2024-00071902,2525 W MAIN ST,Supplement Report,OK0140200
10/2/2024 12:48,2024-00071882,24TH AVE SE / ALAMEDA ST,Animal at Large,OK0140200
10/2/2024 12:54,2024-00071881,2366 E ROBINSON ST,COP DDACTS,OK0140200
10/2/2024 12:57,2024-00015003,11400 CANYON OAKS DR,Fire Mutual Aid,14005
10/2/2024 12:57,2024-00071903,2808 DEWEY AVE,Harassment / Threats Report,OK0140200
10/2/2024 12:57,2024-00071883,506 N PORTER AVE,Welfare Check,OK0140200
10/2/2024 13:01,2024-00071884,201 W GRAY ST,Contact a Subject,OK0140200
10/2/2024 13:06,2024-00071886,1501 PINEWOOD DR,Animal Complaint,OK0140200
10/2/2024 13:06,2024-00071885,3032 E ROBINSON ST,Traffic Stop,OK0140200
10/2/2024 13:06,2024-00071887,3330 ALLSPICE RUN,Contact a Subject,OK0140200
10/2/2024 13:10,2024-00015004,3407 MOUNT MITCHELL LN,Fire Alarm,14005
10/2/2024 13:12,2024-00071888,200 VICKSBURG DR,Foot Patrol,OK0140200
10/2/2024 13:20,2024-00071889,401 12TH AVE SE,Disturbance/Domestic,OK0140200
10/2/2024 13:22,2024-00019671,700 S TELEPHONE RD,Transfer/Interfacility,EMSSTAT
10/2/2024 13:25,2024-00071907,702 N PORTER AVE,Larceny,OK0140200
10/2/2024 13:26,2024-00071890,2367 E ROBINSON ST,Traffic Stop,OK0140200
10/2/2024 13:27,2024-00071900,3281 CLASSEN BLVD,Larceny,OK0140200
10/2/2024 13:29,2024-00071891,2382 BELLATONA BLVD,Traffic Stop,OK0140200
10/2/2024 13:31,2024-00015005,1818 W LINDSEY ST,Heart Problems/AICD,14005
10/2/2024 13:31,2024-00019672,1818 W LINDSEY ST,Heart Problems/AICD,EMSSTAT
10/2/2024 13:34,2024-00071893,W ROCK CREEK RD / 36TH AVE NW,Runaway or Lost Child,OK0140200
10/2/2024 13:36,2024-00071892,1114 BILOXI DR,Traffic Stop,OK0140200
10/2/2024 13:37,2024-00071906,100 26TH DR SW,Missing Person,OK0140200
10/2/2024 13:37,2024-00071919,529 BUCHANAN AVE,Supplement Report,OK0140200
10/2/2024 13:40,2024-00015006,1617 HOMELAND AVE,Chest Pain,14005
10/2/2024 13:40,2024-00019673,1617 HOMELAND AVE,Chest Pain,EMSSTAT
10/2/2024 13:44,2024-00019679,2000 ANN BRANDEN BLVD,Transfer/Interfacility,EMSSTAT
10/2/2024 13:44,2024-00071895,119 W BOYD ST,Parking Problem,OK0140200
10/2/2024 13:45,2024-00071894,12TH AVE SE / E LINDSEY ST,Contact a Subject,OK0140200
10/2/2024 13:46,2024-00015007,4100 BEECHWOOD DR,Public Assist,14005
10/2/2024 13:48,2024-00071896,2384 BELLATONA BLVD,Traffic Stop,OK0140200
10/2/2024 13:50,2024-00071897,907 WOODLAKE DR,Parking Problem,OK0140200
10/2/2024 13:53,2024-00071898,129 N FLOOD AVE,Traffic Stop,OK0140200
10/2/2024 13:53,2024-00071899,1253 BEAUMONT ST,Traffic Stop,OK0140200
10/2/2024 13:54,2024-00015008,1050 RAMBLING OAKS DR,Sick Person,14005
10/2/2024 13:54,2024-00019674,1050 RAMBLING OAKS DR,Sick Person,EMSSTAT
10/2/2024 13:59,2024-00071901,2386 BELLATONA BLVD,Traffic Stop,OK0140200
10/2/2024 13:59,2024-00071905,2300 MELODY LN,Animal at Large,OK0140200
10/2/2024 14:01,2024-00071904,1491 ALAMEDA ST,Disturbance/Domestic,OK0140200
10/2/2024 14:04,2024-00015009,506 WELLNESS WAY,Sick Person,14005
10/2/2024 14:04,2024-00019675,506 WELLNESS WAY,Sick Person,EMSSTAT
10/2/2024 14:10,2024-00071909,430 N LAHOMA AVE,Suspicious,OK0140200
10/2/2024 14:11,2024-00071908,12TH AVE SE / TRIAD VILLAGE DR,Contact a Subject,OK0140200
10/2/2024 14:16,2024-00071922,1701 OKLAHOMA AVE,Larceny,OK0140200
10/2/2024 14:22,2024-00071910,1621 JENKINS AVE,Traffic Stop,OK0140200
10/2/2024 14:24,2024-00015010,3301 W MAIN ST,Sick Person,14005
10/2/2024 14:24,2024-00019676,3301 W MAIN ST,Sick Person,EMSSTAT
10/2/2024 14:25,2024-00015011,4100 BEECHWOOD DR,Falls,14005
10/2/2024 14:25,2024-00019677,4100 BEECHWOOD DR,Falls,EMSSTAT
10/2/2024 14:29,2024-00071911,1333 E LINDSEY ST,Suspicious,OK0140200
10/2/2024 14:31,2024-00071912,"215 N PONCA AVE, NORMAN",COP Relationships,OK0140200
10/2/2024 14:32,2024-00071913,WINDSOR WAY / WYLIE RD,Parking Problem,OK0140200
10/2/2024 14:38,2024-00071916,E APACHE ST / S FINDLAY AVE,Animal Dead,OK0140200
10/2/2024 14:39,2024-00071926,115 S SANTA FE AVE,Parking Problem,OK0140200
10/2/2024 14:40,2024-00071915,1381 E LINDSEY ST,Traffic Stop,OK0140200
10/2/2024 14:44,2024-00071917,750 E LINDSEY ST,Traffic Stop,OK0140200
10/2/2024 14:44,2024-00015012,808 WALL ST,Stroke,14005
10/2/2024 14:44,2024-00019678,808 WALL ST,Stroke,EMSSTAT
10/2/2024 14:45,2024-00071921,703 ASP AVE,Open Door/Premises Check,OK0140200
10/2/2024 14:46,2024-00071918,627 W ACRES ST,Follow Up,OK0140200
10/2/2024 14:47,2024-00071920,700 ASP AVE,Parking Problem,OK0140200
10/2/2024 14:54,2024-00071923,CRUCE ST / S PICKARD AVE,Animal Vicious,OK0140200
10/2/2024 14:57,2024-00071925,W BROOKS ST / 24TH AVE SW,Public Intoxication,OK0140200
10/2/2024 14:58,2024-00071924,520 WYLIE RD,Disturbance/Domestic,OK0140200
10/2/2024 15:00,2024-00071927,201 W GRAY ST,Follow Up,OK0140200
10/2/2024 15:11,2024-00015013,1908 PELHAM CIR,Fire Alarm,14005
10/2/2024 15:13,2024-00015014,1908 PELHAM CIR,Fire Residential,14005
10/2/2024 15:13,2024-00019680,1908 PELHAM CIR,Fire Residential,EMSSTAT
10/2/2024 15:13,2024-00071930,1908 PELHAM CIR,Animal Complaint,OK0140200
10/2/2024 15:14,2024-00071928,2006 E IMHOFF RD,Traffic Stop,OK0140200
10/2/2024 15:20,2024-00071932,2900 OAK TREE AVE,Contact a Subject,OK0140200
10/2/2024 15:21,2024-00071929,3001 OAK TREE AVE,Noise Complaint,OK0140200
10/2/2024 15:23,2024-00071934,112 W DAWS ST,Contact a Subject,OK0140200
10/2/2024 15:27,2024-00071931,1200 HIGH MEADOWS DR,Traffic Stop,OK0140200
10/2/2024 15:28,2024-00071933,1515 E BOYD ST,Animal Vicious,OK0140200
10/2/2024 15:34,2024-00071937,2808 DEWEY AVE,Harassment / Threats Report,OK0140200
10/2/2024 15:36,2024-00071935,1327 E LINDSEY ST,Public Intoxication,OK0140200
10/2/2024 15:38,2024-00071941,832 RICHMOND DR,Harassment / Threats Report,OK0140200
10/2/2024 15:38,2024-00071936,1800 BEAUMONT DR,Suspicious,OK0140200
10/2/2024 15:44,2024-00071939,201 W GRAY ST,Found Item,OK0140200
10/2/2024 15:48,2024-00019693,3300 HEALTHPLEX PKWY,Transfer/Interfacility,EMSSTAT
10/2/2024 15:48,2024-00071938,600 PARSONS ST,Parking Problem,OK0140200
10/2/2024 15:50,2024-00071942,925 W EUFAULA ST,Supplement Report,OK0140200
10/2/2024 15:50,2024-00019692,3300 HEALTHPLEX PKWY,Transfer/Interfacility,EMSSTAT
10/2/2024 15:51,2024-00071940,1111 OAK TREE AVE,Disturbance/Domestic,OK0140200
10/2/2024 15:52,2024-00019688,3300 HEALTHPLEX PKWY,Transfer/Interfacility,EMSSTAT
10/2/2024 15:53,2024-00071948,900 E LINDSEY ST,Burglary,OK0140200
10/2/2024 15:55,2024-00015015,500 E ROBINSON ST,Heart Problems/AICD,14005
10/2/2024 15:55,2024-00019681,500 E ROBINSON ST,Heart Problems/AICD,EMSSTAT
10/2/2024 15:56,2024-00015016,3400 W TECUMSEH RD,Sick Person,14005
10/2/2024 15:56,2024-00019682,3400 W TECUMSEH RD,Sick Person,EMSSTAT
10/2/2024 16:01,2024-00015017,2110 24TH AVE NW,Sick Person,14005
10/2/2024 16:01,2024-00019683,2110 24TH AVE NW,Sick Person,EMSSTAT
10/2/2024 16:04,2024-00071953,401 THORTON DR,Check Area,OK0140200
10/2/2024 16:08,2024-00071946,211 W COMANCHE ST,Animal Bite,OK0140200
10/2/2024 16:09,2024-00071963,2808 DEWEY AVE,Harassment / Threats Report,OK0140200
10/2/2024 16:10,2024-00019686,2000 ANN BRANDEN BLVD,Transfer/Interfacility,EMSSTAT
10/2/2024 16:12,2024-00071943,2550 MOUNT WILLIAMS DR,Harassment / Threats Report,OK0140200
10/2/2024 16:13,2024-00015018,3505 12TH AVE NE,Unknown Problem/Man Down,14005
10/2/2024 16:13,2024-00019684,3505 12TH AVE NE,Unknown Problem/Man Down,EMSSTAT
10/2/2024 16:13,2024-00071945,3505 12TH AVE NE,Officer Needed Nature Unk,OK0140200
10/2/2024 16:15,2024-00071944,1311 12TH AVE NE,Traffic Stop,OK0140200
10/2/2024 16:18,2024-00071965,529 BUCHANAN AVE,Supplement Report,OK0140200
10/2/2024 16:21,2024-00015019,4554 W MAIN ST,Unconscious/Fainting,14005
10/2/2024 16:21,2024-00019685,4554 W MAIN ST,Unconscious/Fainting,EMSSTAT
10/2/2024 16:21,2024-00071966,2808 DEWEY AVE,Contact a Subject,OK0140200
10/2/2024 16:26,2024-00071958,2550 W FRANKLIN RD,Item Assignment,OK0140200
10/2/2024 16:32,2024-00071947,536 ALAMEDA ST,Traffic Stop,OK0140200
10/2/2024 16:33,2024-00071961,1917 SUNFLOWER CIR,Contact a Subject,OK0140200
10/2/2024 16:36,2024-00071949,N INTERSTATE DR / PHEASANT RUN RD,Motorist Assist,OK0140200
10/2/2024 16:37,2024-00071950,1221 E LINDSEY ST,Larceny,OK0140200
10/2/2024 16:38,2024-00071962,E MAIN ST / 12TH AVE NE,Welfare Check,OK0140200
10/2/2024 16:40,2024-00071952,3505 12TH AVE NE,Animal Complaint,OK0140200
10/2/2024 16:41,2024-00071951,222 S PORTER AVE,Trespassing,OK0140200
10/2/2024 16:54,2024-00071955,ALAMEDA ST / 24TH AVE NE,Animal at Large,OK0140200
10/2/2024 16:54,2024-00071954,E HADDOCK ST / N CRAWFORD AVE,Reckless Driving,OK0140200
10/2/2024 16:58,2024-00071956,1634 GLENNBO DR,Contact a Subject,OK0140200
10/2/2024 17:00,2024-00071957,N SANTA FE AVE / W MAIN ST,Supplement Report,OK0140200
10/2/2024 17:02,2024-00019687,300 W IMHOFF RD,Stand By EMS,EMSSTAT
10/2/2024 17:03,2024-00071967,275 12TH AVE SE,Larceny,OK0140200
10/2/2024 17:08,2024-00071959,1904 TWINTREE DR,Welfare Check,OK0140200
10/2/2024 17:09,2024-00071960,1813 TIFFANY DR,Welfare Check,OK0140200
10/2/2024 17:13,2024-00019689,300 W IMHOFF RD,Stand By EMS,EMSSTAT
10/2/2024 17:22,2024-00071968,1111 OAK TREE AVE,Disturbance/Domestic,OK0140200
10/2/2024 17:24,2024-00015020,24TH AVE SW / W MAIN ST,MVA With Injuries,14005
10/2/2024 17:24,2024-00019690,24TH AVE SW / W MAIN ST,MVA With Injuries,EMSSTAT
10/2/2024 17:24,2024-00071964,24TH AVE SW / W MAIN ST,MVA With Injuries,OK0140200
10/2/2024 17:28,2024-00071969,109 W GRAY ST,Trespassing,OK0140200
10/2/2024 17:34,2024-00071970,3603 CHATHAM CT,Runaway or Lost Child,OK0140200
10/2/2024 17:40,2024-00071972,1821 E LINDSEY ST,Disturbance/Domestic,OK0140200
10/2/2024 17:43,2024-00071971,3024 CLASSEN BLVD,Suspicious,OK0140200
10/2/2024 17:44,2024-00071982,911 W MAIN ST,Runaway or Lost Child,OK0140200
10/2/2024 17:50,2024-00015021,375 TRIAD VILLAGE DR,Unknown Problem/Man Down,14005
10/2/2024 17:50,2024-00019691,375 TRIAD VILLAGE DR,Unknown Problem/Man Down,EMSSTAT
10/2/2024 17:50,2024-00071973,375 TRIAD VILLAGE DR,Officer Needed Nature Unk,OK0140200
10/2/2024 17:52,2024-00071974,1900 OAKHURST AVE,Disturbance/Domestic,OK0140200
10/2/2024 17:58,2024-00071975,24TH AVE NE / COTTONWOOD RD,MVA Non Injury,OK0140200
10/2/2024 18:03,2024-00071976,224 CHALMETTE DR,Disturbance/Domestic,OK0140200
10/2/2024 18:10,2024-00071981,401 WILLOW BRANCH RD,Larceny,OK0140200
10/2/2024 18:13,2024-00071984,1022 N UNIVERSITY BLVD,Found Item,OK0140200
10/2/2024 18:19,2024-00015022,1608 HOLLY CIR,Fire Alarm,14005
10/2/2024 18:22,2024-00071977,1915 CLASSEN BLVD,Tobacco Violation,OK0140200
10/2/2024 18:23,2024-00071978,201 W GRAY ST,Follow Up,OK0140200
10/2/2024 18:24,2024-00071979,401 12TH AVE SE,Disturbance/Domestic,OK0140200
10/2/2024 18:26,2024-00015023,1776 E ROBINSON ST,Hemorrhage/Lacerations,14005
10/2/2024 18:26,2024-00019694,1776 E ROBINSON ST,Hemorrhage/Lacerations,EMSSTAT
10/2/2024 18:31,2024-00071980,4001 36TH AVE NW,MVA Non Injury,OK0140200
10/2/2024 18:39,2024-00015024,1060 RAMBLING OAKS DR,Falls,14005
10/2/2024 18:39,2024-00019695,1060 RAMBLING OAKS DR,Falls,EMSSTAT
10/2/2024 18:40,2024-00071983,1520 CHERRY STONE ST,Parking Problem,OK0140200
10/2/2024 18:47,2024-00071986,CLASSEN BLVD / E IMHOFF RD,Harassment / Threats Report,OK0140200
10/2/2024 18:57,2024-00071985,201 REED AVE,Disturbance/Domestic,OK0140200
10/2/2024 19:06,2024-00071987,1060 RAMBLING OAKS DR,Assault,OK0140200
10/2/2024 19:12,2024-00071989,2211 W MAIN ST,Suspicious,OK0140200
10/2/2024 19:13,2024-00071988,1330 ALAMEDA ST,Drunk Driver,OK0140200
10/2/2024 19:18,2024-00015025,3001 PHEASANT RUN RD,Hemorrhage/Lacerations,14005
10/2/2024 19:18,2024-00019696,3001 PHEASANT RUN RD,Hemorrhage/Lacerations,EMSSTAT
10/2/2024 19:25,2024-00071991,4200 N I35 NB I,Suspicious,OK0140200
10/2/2024 19:27,2024-00015026,625 SUMMIT CREST LN,Hemorrhage/Lacerations,14005
10/2/2024 19:27,2024-00019697,625 SUMMIT CREST LN,Hemorrhage/Lacerations,EMSSTAT
10/2/2024 19:31,2024-00019698,2000 ANN BRANDEN BLVD,Transfer/Interfacility,EMSSTAT
10/2/2024 19:34,2024-00071993,911 W MAIN ST,Runaway or Lost Child,OK0140200
10/2/2024 19:37,2024-00071992,2001 E IMHOFF RD,Traffic Stop,OK0140200
10/2/2024 19:44,2024-00015027,1618 E BOYD ST,Sick Person,14005
10/2/2024 19:44,2024-00019699,1618 E BOYD ST,Sick Person,EMSSTAT
10/2/2024 19:46,2024-00071994,1060 RAMBLING OAKS DR,Assault,OK0140200
10/2/2024 19:46,2024-00019702,700 S TELEPHONE RD,Transfer/Interfacility,EMSSTAT
10/2/2024 19:47,2024-00019700,3300 HEALTHPLEX PKWY,Transfer/Interfacility,EMSSTAT
10/2/2024 20:02,2024-00071995,3750 W MAIN ST,Tobacco Violation,OK0140200
10/2/2024 20:06,2024-00071996,1204 N INTERSTATE DR,Open Door/Premises Check,OK0140200
10/2/2024 20:08,2024-00071997,320 E COMANCHE ST,Welfare Check,OK0140200
10/2/2024 20:10,2024-00071998,2800 CHAUTAUQUA AVE,Supplement Report,OK0140200
10/2/2024 20:15,2024-00072000,750 W IMHOFF RD,Harassment / Threats Report,OK0140200
10/2/2024 20:26,2024-00071999,211 W BOYD ST,Tobacco Violation,OK0140200
10/2/2024 20:33,2024-00072001,805 E ROBINSON ST,Runaway or Lost Child,OK0140200
10/2/2024 20:43,2024-00072002,1601 E IMHOFF RD,Trespassing,OK0140200
10/2/2024 20:44,2024-00072005,1444 24TH AVE NW,Alarm,OK0140200
10/2/2024 20:47,2024-00072003,1614 DENISON DR,Prowler,OK0140200
10/2/2024 20:57,2024-00072009,735 HIGHLAND PKWY,Check Area,OK0140200
10/2/2024 20:59,2024-00015028,1151 E BROOKS ST,Assault EMS Needed,14005
10/2/2024 20:59,2024-00019701,1151 E BROOKS ST,Assault EMS Needed,EMSSTAT
10/2/2024 20:59,2024-00072004,1151 E BROOKS ST,Robbery,OK0140200
10/2/2024 21:06,2024-00072008,1330 12TH AVE SE,Check Area,OK0140200
10/2/2024 21:10,2024-00072012,2379 WHEATON DR,MVA Non Injury,OK0140200
10/2/2024 21:36,2024-00072016,BNSF RR / W TECUMSEH RD,MVA Non Injury,OK0140200
10/2/2024 21:41,2024-00072011,901 12TH AVE NE,Check Area,OK0140200
10/2/2024 21:46,2024-00072007,1607 JACKSON DR,Disturbance/Domestic,OK0140200
10/2/2024 21:46,2024-00072006,601 12TH AVE NE,Fight,OK0140200
10/2/2024 21:57,2024-00015029,1111 OAK TREE AVE,Breathing Problems,14005
10/2/2024 21:57,2024-00019703,1111 OAK TREE AVE,Breathing Problems,EMSSTAT
10/2/2024 21:58,2024-00072010,174 N JONES AVE,Traffic Stop,OK0140200
10/2/2024 21:59,2024-00072018,E BOYD ST / JENKINS AVE,Foot Patrol,OK0140200
10/2/2024 22:09,2024-00072013,211 E BOYD ST,Suspicious,OK0140200
10/2/2024 22:12,2024-00072020,4828 E LINDSEY ST,Check Area,OK0140200
10/2/2024 22:27,2024-00015030,850 COOPERS HAWK DR,Fire Smoke Investigation,14005
10/2/2024 22:31,2024-00072015,752 ASP AVE,Alarm,OK0140200
10/2/2024 22:48,2024-00072017,814 E LINDSEY ST,Traffic Stop,OK0140200
10/2/2024 22:50,2024-00019704,2000 ANN BRANDEN BLVD,Transfer/Interfacility,EMSSTAT
10/2/2024 22:51,2024-00015031,201 REED AVE,Sick Person,14005
10/2/2024 22:51,2024-00019705,201 REED AVE,Sick Person,EMSSTAT
10/2/2024 22:58,2024-00072019,1802 CLASSEN BLVD,Traffic Stop,OK0140200
10/2/2024 22:59,2024-00015032,736 ELM AVE,Fire Alarm,14005
10/2/2024 23:01,2024-00072028,4828 E LINDSEY ST,Contact a Subject,OK0140200
10/2/2024 23:02,2024-00072021,1481 ALAMEDA ST,Contact a Subject,OK0140200
10/2/2024 23:07,2024-00015033,801 DAKOTA ST,Heart Problems/AICD,14005
10/2/2024 23:07,2024-00019706,801 DAKOTA ST,Heart Problems/AICD,EMSSTAT
10/2/2024 23:07,2024-00072022,1151 E BROOKS,Stake Out,OK0140200
10/2/2024 23:12,2024-00072023,520 WILLOW BRANCH RD,Runaway or Lost Child,OK0140200
10/2/2024 23:16,2024-00072026,1333 E LINDSEY ST,Larceny,OK0140200
10/2/2024 23:17,2024-00072024,1600 N FLOOD AVE,Traffic Stop,OK0140200
10/2/2024 23:20,2024-00072025,2436 E STATE HWY 9 HWY,Traffic Stop,OK0140200
10/2/2024 23:21,2024-00072034,ELM AVE / W LINDSEY ST,Foot Patrol,OK0140200
10/2/2024 23:27,2024-00072027,1112 CHAUTAUQUA AVE,Traffic Stop,OK0140200
10/2/2024 23:41,2024-00019707,2000 ANN BRANDEN BLVD,Transfer/Interfacility,EMSSTAT
10/2/2024 23:43,2024-00072029,404 MAYBURY DR,Welfare Check,OK0140200
10/2/2024 23:49,2024-00072030,904 BRANCHWOOD CT,Suspicious,OK0140200
10/2/2024 23:53,2024-00072031,2451 W LINDSEY ST,Traffic Stop,OK0140200
10/3/2024 0:01,2024-00072032,1200 24TH AVE SW,Suspicious,OK0140200
10/3/2024 0:07,2024-00072033,2824 DEWEY AVE,Welfare Check,OK0140200
10/3/2024 0:08,2024-00019708,3300 HEALTHPLEX PKWY,Transfer/Interfacility,EMSSTAT
10/3/2024 0:09,2024-00015034,901 E MAIN ST,Sick Person,14005
10/3/2024 0:09,2024-00019709,901 E MAIN ST,Sick Person,EMSSTAT
10/3/2024 0:13,2024-00015035,S UNIVERSITY BLVD / W BOYD ST,Sick Person,14005
10/3/2024 0:13,2024-00019710,S UNIVERSITY BLVD / W BOYD ST,Sick Person,EMSSTAT
10/3/2024 0:18,2024-00072035,E STATE HWY 9 HWY / POSTAL TRAINING,Traffic Stop,OK0140200
10/3/2024 0:18,2024-00072036,HIGHLAND PKWY / W ROBINSON ST,Traffic Stop,OK0140200
10/3/2024 0:23,2024-00015036,626 DAKOTA ST,Abdominal Pains/Problems,14005
10/3/2024 0:23,2024-00019711,626 DAKOTA ST,Abdominal Pains/Problems,EMSSTAT
10/3/2024 0:41,2024-00072038,1000 RAMBLING OAKS DR,Suspicious,OK0140200
10/3/2024 0:43,2024-00072037,2430 W MAIN ST,Traffic Stop,OK0140200
10/3/2024 0:52,2024-00072039,1221 E LINDSEY ST,Contact a Subject,OK0140200
10/3/2024 1:04,2024-00015037,4111 POTOMAC DR,Sick Person,14005
10/3/2024 1:04,2024-00019712,4111 POTOMAC DR,Sick Person,EMSSTAT
10/3/2024 1:41,2024-00072040,MOCKINGBIRD LN / 12TH AVE SE,Traffic Stop,OK0140200
10/3/2024 1:50,2024-00015038,800 CANADIAN TRAILS DR,Heart Problems/AICD,14005
10/3/2024 1:50,2024-00019713,800 CANADIAN TRAILS DR,Heart Problems/AICD,EMSSTAT
10/3/2024 1:56,2024-00072041,1150 ALAMEDA ST,Traffic Stop,OK0140200
10/3/2024 2:09,2024-00019714,3300 HEALTHPLEX PKWY,Transfer/Interfacility,EMSSTAT
10/3/2024 2:10,2024-00015039,914 W COMANCHE ST,Sick Person,14005
10/3/2024 2:10,2024-00019715,914 W COMANCHE ST,Sick Person,EMSSTAT
10/3/2024 2:25,2024-00072043,1110 W MAIN ST,Alarm,OK0140200
10/3/2024 2:26,2024-00072042,300 HAL MULDROW DR,Disturbance/Domestic,OK0140200
10/3/2024 2:36,2024-00072044,836 E EUFAULA ST,Trespassing,OK0140200
10/3/2024 3:22,2024-00015040,2420 CLASSEN BLVD,Overdose/Poisoning,14005
10/3/2024 3:22,2024-00019716,2420 CLASSEN BLVD,Overdose/Poisoning,EMSSTAT
10/3/2024 3:24,2024-00072045,4201 28TH AVE NW,Runaway or Lost Child,OK0140200
10/3/2024 3:54,2024-00015041,218 JASON DR,Sick Person,14005
10/3/2024 3:54,2024-00019717,218 JASON DR,Sick Person,EMSSTAT
10/3/2024 3:57,2024-00072046,1411 REBECCA LN,Noise Complaint,OK0140200
10/3/2024 4:02,2024-00072047,481 INTERSTATE DR,Alarm,OK0140200
10/3/2024 4:40,2024-00015042,1050 RAMBLING OAKS DR,Unconscious/Fainting,14005
10/3/2024 4:40,2024-00019718,1050 RAMBLING OAKS DR,Unconscious/Fainting,EMSSTAT
10/3/2024 4:51,2024-00015043,2550 W FRANKLIN RD,Cardiac Respritory Arrest,14005
10/3/2024 4:51,2024-00019719,2550 W FRANKLIN RD,Cardiac Respritory Arrest,EMSSTAT
10/3/2024 5:06,2024-00072048,752 ASP AVE,Alarm,OK0140200
10/3/2024 5:15,2024-00072049,1000 RAMBLING OAKS DR,Runaway or Lost Child,OK0140200
10/3/2024 5:59,2024-00015044,1221 ED NOBLE PKWY,Fire Grass,14005
10/3/2024 5:59,2024-00072050,1221 ED NOBLE PKWY,Disturbance/Domestic,OK0140200
10/3/2024 6:21,2024-00072059,3220 CONESTOGA DR,Larceny,OK0140200
10/3/2024 6:37,2024-00072051,514 INWOOD DR,MVA Non Injury,OK0140200
10/3/2024 6:49,2024-00072052,3401 GRANT RD,Check Area,OK0140200
10/3/2024 6:50,2024-00015045,1776 E ROBINSON ST,Hemorrhage/Lacerations,14005
10/3/2024 6:50,2024-00019720,1776 E ROBINSON ST,Hemorrhage/Lacerations,EMSSTAT
10/3/2024 6:50,2024-00015046,717 W LINDSEY ST,Fire Gas Leak,14005
10/3/2024 6:58,2024-00015047,312 E DAWS ST,Fire Electrical Check,14005
10/3/2024 7:07,2024-00072055,1400 24TH AVE NW,Found Item,OK0140200
10/3/2024 7:16,2024-00072053,N FLOOD AVE / W ROCK CREEK RD,Motorist Assist,OK0140200
10/3/2024 7:20,2024-00015048,3289 RIDGECREST CT,Cardiac Respritory Arrest,14005
10/3/2024 7:20,2024-00019721,3289 RIDGECREST CT,Cardiac Respritory Arrest,EMSSTAT
10/3/2024 7:20,2024-00072054,3289 RIDGECREST CT,Body Reported,OK0140200
10/3/2024 7:21,2024-00015049,1200 WESTHEIMER DR,Sick Person,14005
10/3/2024 7:21,2024-00019722,1200 WESTHEIMER DR,Sick Person,EMSSTAT
10/3/2024 7:26,2024-00019724,700 S TELEPHONE RD,Transfer/Interfacility,EMSSTAT
10/3/2024 7:32,2024-00072056,2617 W ROBINSON ST,Traffic Stop,OK0140200
10/3/2024 7:32,2024-00072058,1135 ARKANSAS ST,Found Item,OK0140200
10/3/2024 7:33,2024-00072057,318 12TH AVE SE,Traffic Stop,OK0140200
10/3/2024 7:45,2024-00015050,2925 HENSLEY DR,Chest Pain,14005
10/3/2024 7:45,2024-00019723,2925 HENSLEY DR,Chest Pain,EMSSTAT
10/3/2024 7:46,2024-00072060,627 W ACRES ST,Stake Out,OK0140200
10/3/2024 7:47,2024-00072061,1300 E MAIN ST,Traffic Stop,OK0140200
10/3/2024 7:47,2024-00072062,1000 ALAMEDA ST,Contact a Subject,OK0140200
10/3/2024 7:48,2024-00072063,1717 W LINDSEY ST,Contact a Subject,OK0140200
10/3/2024 7:53,2024-00072064,700 12TH AVE NE,Contact a Subject,OK0140200
10/3/2024 8:01,2024-00072065,201 REED AVE,Contact a Subject,OK0140200
10/3/2024 8:04,2024-00072066,3415 ALAMEDA ST,Traffic Stop,OK0140200
10/3/2024 8:07,2024-00072067,1507 W LINDSEY ST,Follow Up,OK0140200
10/3/2024 8:10,2024-00072068,1616 ALAMEDA ST,Traffic Stop,OK0140200
10/3/2024 8:13,2024-00019725,1544 OK-9,Stroke,EMSSTAT
10/3/2024 8:17,2024-00072070,DAKOTA ST / ROSEWOOD DR,Animal at Large,OK0140200
10/3/2024 8:21,2024-00072069,N FLOOD AVE / TECUMSEH DR,Motorist Assist,OK0140200
10/3/2024 8:24,2024-00072076,15700 E STATE HWY 9 HWY,Hit and Run,OK0140200
10/3/2024 8:26,2024-00072071,132 W HAYES ST,Follow Up,OK0140200
10/3/2024 8:26,2024-00072072,W BOYD ST / ROSEDALE DR,Road Rage,OK0140200
10/3/2024 8:29,2024-00072073,JACKSON DR / BARON DR,Parking Problem,OK0140200
10/3/2024 8:33,2024-00015051,2041 SIERRA ST,Abdominal Pains/Problems,14005
10/3/2024 8:33,2024-00019726,2041 SIERRA ST,Abdominal Pains/Problems,EMSSTAT
10/3/2024 8:33,2024-00015052,1776 E ROBINSON ST,Chest Pain,14005
10/3/2024 8:33,2024-00019727,1776 E ROBINSON ST,Chest Pain,EMSSTAT
10/3/2024 8:34,2024-00072074,1187 84TH AVE NE,Traffic Stop,OK0140200
10/3/2024 8:45,2024-00072078,480 24TH AVE NW,Trespassing,OK0140200
10/3/2024 8:53,2024-00072075,IOWA ST / THORTON DR,Traffic Stop,OK0140200
10/3/2024 8:57,2024-00072115,221 OVERTON DR,Larceny,OK0140200
10/3/2024 8:57,2024-00072077,111 PREMIER PKWY,Animal Injured,OK0140200
10/3/2024 9:00,2024-00072120,2118 W LINDSEY ST,Drug Violation,OK0140200
10/3/2024 9:00,2024-00015053,3601 HAMPTON CT,Choking,14005
10/3/2024 9:00,2024-00019728,3601 HAMPTON CT,Choking,EMSSTAT
10/3/2024 9:03,2024-00072079,229 E MAIN ST,Alarm,OK0140200
10/3/2024 9:06,2024-00072080,72ND AVE NW / W FRANKLIN RD,Animal Dead,OK0140200
10/3/2024 9:07,2024-00019731,3300 HEALTHPLEX PKWY,Transfer/Interfacility,EMSSTAT
10/3/2024 9:11,2024-00015054,1776 E ROBINSON ST,Sick Person,14005
10/3/2024 9:11,2024-00019729,1776 E ROBINSON ST,Sick Person,EMSSTAT
10/3/2024 9:20,2024-00072081,1308 E LINDSEY ST,Traffic Stop,OK0140200
10/3/2024 9:21,2024-00072082,201 REED AVE,Trespassing,OK0140200
10/3/2024 9:21,2024-00015055,2105 BARRINGTON DR,Public Assist,14005
10/3/2024 9:22,2024-00072102,3105 TALL OAKS CIR,Harassment / Threats Report,OK0140200
10/3/2024 9:24,2024-00015056,100 STINSON ST,Fire Alarm,14005
10/3/2024 9:24,2024-00015057,1776 E ROBINSON ST,Diabetic Problems,14005
10/3/2024 9:24,2024-00019730,1776 E ROBINSON ST,Diabetic Problems,EMSSTAT
10/3/2024 9:27,2024-00015058,2500 MEADOWOOD BLVD,Public Assist,14005
10/3/2024 9:27,2024-00072086,129 W GRAY ST,Trespassing,OK0140200
10/3/2024 9:31,2024-00072083,3205 W ROBINSON ST,Road Rage,OK0140200
10/3/2024 9:41,2024-00072084,9813 TOBIN CIR,Contact a Subject,OK0140200
10/3/2024 9:45,2024-00072085,1858 E LINDSEY ST,Traffic Stop,OK0140200
10/3/2024 9:49,2024-00072087,627 W ACRES ST,Stake Out,OK0140200
10/3/2024 9:51,2024-00072088,E ACRES ST / N PORTER AVE,Contact a Subject,OK0140200
10/3/2024 9:54,2024-00072089,2504 SUMMIT CROSSING PKWY,Parking Problem,OK0140200
10/3/2024 9:59,2024-00015059,900 E MAIN ST,Sick Person,14005
10/3/2024 9:59,2024-00019732,900 E MAIN ST,Sick Person,EMSSTAT
10/3/2024 10:04,2024-00072090,1900 RENAISSANCE DR,Welfare Check,OK0140200
10/3/2024 10:10,2024-00072092,513 CRESTLAND DR,Animal at Large,OK0140200
10/3/2024 10:10,2024-00072091,500 BONITA CIR,Animal Vicious,OK0140200
10/3/2024 10:16,2024-00072093,1000 ALAMEDA ST,Larceny,OK0140200
10/3/2024 10:23,2024-00072094,710 W MAIN ST,Disturbance/Domestic,OK0140200
10/3/2024 10:25,2024-00072095,PENDLETON DR / FIRESIDE ST,Animal Dead,OK0140200
10/3/2024 10:32,2024-00072098,ROCK CREEK TRL / PENDLETON DR,Animal Dead,OK0140200
10/3/2024 10:37,2024-00019734,1050 RAMBLING OAKS DR,Sick Person,EMSSTAT
10/3/2024 10:38,2024-00072174,406 ROSEWOOD DR,Larceny,OK0140200
10/3/2024 10:39,2024-00072096,ANDOVER DR / ALAMEDA ST,Traffic Stop,OK0140200
10/3/2024 10:41,2024-00072097,710 JONA KAY TER,Welfare Check,OK0140200
10/3/2024 10:43,2024-00072123,2650 BRENTWOOD DR,Contact a Subject,OK0140200
10/3/2024 10:44,2024-00019735,3300 HEALTHPLEX PKWY,Transfer/Interfacility,EMSSTAT
10/3/2024 10:44,2024-00072100,1333 E LINDSEY ST,Supplement Report,OK0140200
10/3/2024 10:53,2024-00015061,2550 MOUNT WILLIAMS DR,Unconscious/Fainting,14005
10/3/2024 10:53,2024-00019736,2550 MOUNT WILLIAMS DR,Unconscious/Fainting,EMSSTAT
10/3/2024 10:55,2024-00072099,1310 COMMERCE DR,Animal at Large,OK0140200
10/3/2024 11:02,2024-00072101,2841 CLASSEN BLVD,Disturbance/Domestic,OK0140200
10/3/2024 11:04,2024-00019757,3300 HEALTHPLEX PKWY,Transfer/Interfacility,EMSSTAT
10/3/2024 11:11,2024-00072103,35.24696;-97.2397083333333,Traffic Stop,OK0140200
10/3/2024 11:13,2024-00072104,INDIAN POINT RD / INDIAN POINT LAKE ACCESS,Traffic Stop,OK0140200
10/3/2024 11:18,2024-00072105,2325 HEATHERFIELD LN,Contact a Subject,OK0140200
10/3/2024 11:20,2024-00015062,N PORTER AVE / WOODCREST DR,MVA With Injuries,14005
10/3/2024 11:20,2024-00019737,N PORTER AVE / WOODCREST DR,MVA With Injuries,EMSSTAT
10/3/2024 11:20,2024-00072106,N PORTER AVE / WOODCREST DR,MVA With Injuries,OK0140200
10/3/2024 11:21,2024-00072111,1011 108TH AVE SE,Check Area,OK0140200
10/3/2024 11:22,2024-00072195,2430 W MAIN ST,Found Item,OK0140200
10/3/2024 11:23,2024-00072116,116 E MAIN ST,Found Item,OK0140200
10/3/2024 11:30,2024-00072107,4400 W MAIN ST,Animal Vicious,OK0140200
10/3/2024 11:30,2024-00072125,151 12TH AVE SE,Found Item,OK0140200
10/3/2024 11:36,2024-00015063,3917 BROWNWOOD LN,Unconscious/Fainting,14005
10/3/2024 11:36,2024-00019738,3917 BROWNWOOD LN,Unconscious/Fainting,EMSSTAT
10/3/2024 11:40,2024-00072108,806 S LAHOMA AVE,Animal Dead,OK0140200
10/3/2024 11:42,2024-00072109,201 W GRAY ST,Follow Up,OK0140200
10/3/2024 11:46,2024-00072110,1641 24TH AVE NW,Animal Dead,OK0140200
10/3/2024 11:49,2024-00072124,901 E MAIN ST,Missing Person,OK0140200
10/3/2024 11:53,2024-00072112,24TH AVE NE / E ROBINSON ST,Debris in Roadway,OK0140200
10/3/2024 11:53,2024-00072130,2350 INDUSTRIAL BLVD,Larceny,OK0140200
10/3/2024 11:54,2024-00015065,1776 E ROBINSON ST,Hemorrhage/Lacerations,14005
10/3/2024 11:54,2024-00019740,1776 E ROBINSON ST,Hemorrhage/Lacerations,EMSSTAT
10/3/2024 11:56,2024-00072113,1317 KEYSTONE LN,Parking Problem,OK0140200
10/3/2024 12:00,2024-00072131,W BOYD ST / S BERRY RD,MVA Non Injury,OK0140200
10/3/2024 12:02,2024-00019744,3300 HEALTHPLEX PKWY,Transfer/Interfacility,EMSSTAT
10/3/2024 12:03,2024-00072126,900 E LINDSEY ST,Supplement Report,OK0140200
10/3/2024 12:09,2024-00072119,24TH AVE NW / W ROBINSON ST,Debris in Roadway,OK0140200
10/3/2024 12:14,2024-00015066,24TH AVE NW / W ROBINSON ST,Breathing Problems,14005
10/3/2024 12:16,2024-00072132,1224 ALAMEDA ST,Larceny,OK0140200
10/3/2024 12:17,2024-00072141,3001 PHEASANT RUN RD,Contact a Subject,OK0140200
10/3/2024 12:23,2024-00072136,1608 WINDING RIDGE RD,Fraud,OK0140200
10/3/2024 12:24,2024-00015067,1806 24TH AVE NW,Convulsion/Seizure,14005
10/3/2024 12:24,2024-00019741,1806 24TH AVE NW,Convulsion/Seizure,EMSSTAT
10/3/2024 12:27,2024-00072117,N CARTER AVE / E ROBINSON ST,Welfare Check,OK0140200
10/3/2024 12:33,2024-00072118,107 VICKSBURG AVE,Suspicious,OK0140200
10/3/2024 12:36,2024-00072122,1670 24TH AVE NW,Suspicious,OK0140200
10/3/2024 12:41,2024-00072121,802 DENISON DR,Contact a Subject,OK0140200
10/3/2024 12:43,2024-00015068,N PORTER AVE / WOODCREST DR,Sick Person,14005
10/3/2024 12:43,2024-00019742,N PORTER AVE / WOODCREST DR,Sick Person,EMSSTAT
10/3/2024 12:48,2024-00019745,2000 ANN BRANDEN BLVD,Transfer/Interfacility,EMSSTAT
10/3/2024 12:53,2024-00072127,5600 156TH AVE NE,Disturbance/Domestic,OK0140200
10/3/2024 12:53,2024-00072137,I35 NB OFF RAMP 108A RAMP / S I35 NB I,Harassment / Threats Report,OK0140200
10/3/2024 12:55,2024-00072128,305 N LAHOMA AVE,Fight,OK0140200
10/3/2024 12:56,2024-00072153,1806 LAKEHURST DR,Hit and Run,OK0140200
10/3/2024 12:58,2024-00072129,4400 W MAIN ST,Animal at Large,OK0140200
10/3/2024 13:00,2024-00015069,2815 CASTLEWOOD DR,Fire Gas Leak,14005
10/3/2024 13:03,2024-00015070,4812 WELLMAN DR,Sick Person,14005
10/3/2024 13:03,2024-00019743,4812 WELLMAN DR,Sick Person,EMSSTAT
10/3/2024 13:09,2024-00072133,3220 CONESTOGA DR,Larceny,OK0140200
10/3/2024 13:14,2024-00072135,1000 ALAMEDA ST,Welfare Check,OK0140200
10/3/2024 13:18,2024-00019750,2000 ANN BRANDEN BLVD,Transfer/Interfacility,EMSSTAT
10/3/2024 13:18,2024-00015071,17402 BLACKJACK RDG,Breathing Problems,14005
10/3/2024 13:18,2024-00019746,17402 BLACKJACK RDG,Breathing Problems,EMSSTAT
10/3/2024 13:19,2024-00072134,627 W ACRES ST,Stake Out,OK0140200
10/3/2024 13:29,2024-00015072,4701 12TH AVE NW,Allergies/Envenomations,14005
10/3/2024 13:29,2024-00019747,4701 12TH AVE NW,Allergies/Envenomations,EMSSTAT
10/3/2024 13:34,2024-00072138,1500 MORREN DR,Traffic Stop,OK0140200
10/3/2024 13:35,2024-00019752,2000 ANN BRANDEN BLVD,Transfer/Interfacility,EMSSTAT
10/3/2024 13:36,2024-00072139,BROAD LN / CRUCE ST,Traffic Stop,OK0140200
10/3/2024 13:36,2024-00072140,1809 STUBBEMAN AVE,Welfare Check,OK0140200
10/3/2024 13:40,2024-00015073,2900 CHAUTAUQUA AVE,Chest Pain,14005
10/3/2024 13:40,2024-00019748,2900 CHAUTAUQUA AVE,Chest Pain,EMSSTAT
10/3/2024 13:42,2024-00072143,1434 24TH AVE SE,Disturbance/Domestic,OK0140200
10/3/2024 13:44,2024-00072142,656 12TH AVE SE,Traffic Stop,OK0140200
10/3/2024 13:46,2024-00072146,JENKINS AVE / E STATE HWY 9 HWY,Reckless Driving,OK0140200
10/3/2024 13:46,2024-00072144,1504 PINEWOOD DR,Animal Trapped,OK0140200
10/3/2024 13:46,2024-00072145,115 E HIMES ST,Animal Complaint,OK0140200
10/3/2024 13:48,2024-00072152,N INTERSTATE DR / W ROBINSON ST,MVA Non Injury,OK0140200
10/3/2024 13:49,2024-00015074,N PORTER AVE / WOODCREST DR,Public Assist,14005
10/3/2024 13:55,2024-00015075,3325 WALNUT RD,Sick Person,14005
10/3/2024 13:55,2024-00019749,3325 WALNUT RD,Sick Person,EMSSTAT
10/3/2024 13:55,2024-00072147,3325 WALNUT RD,Disturbance/Domestic,OK0140200
10/3/2024 14:00,2024-00072148,4400 W MAIN ST,Animal at Large,OK0140200
10/3/2024 14:01,2024-00019751,3300 HEALTHPLEX PKWY,Transfer/Interfacility,EMSSTAT
10/3/2024 14:06,2024-00072149,1434 24TH AVE SE,Animal Complaint,OK0140200
10/3/2024 14:12,2024-00072150,10601 E TECUMSEH RD,Animal Dead,OK0140200
10/3/2024 14:13,2024-00072151,2132 W MAIN ST,Disturbance/Domestic,OK0140200
10/3/2024 14:28,2024-00072154,W MAIN ST / 24TH AVE NW,Welfare Check,OK0140200
10/3/2024 14:32,2024-00072155,E CEDAR LANE RD / ADDISON AVE,MVA Non Injury,OK0140200
10/3/2024 14:37,2024-00072180,333 INTERSTATE DR,Contact a Subject,OK0140200
10/3/2024 14:39,2024-00072156,4001 36TH AVE NW,Parking Problem,OK0140200
10/3/2024 14:45,2024-00072202,1122 24TH AVE SW,Larceny,OK0140200
10/3/2024 14:46,2024-00015076,W STATE HWY 9 HWY / I35 SB OFF RAMP 108A,Fire Smoke Investigation,14005
10/3/2024 14:47,2024-00072158,2555 HEMPHILL DR,Larceny,OK0140200
10/3/2024 14:48,2024-00072157,DAKOTA ST / UTAH AVE,Traffic Stop,OK0140200
10/3/2024 14:50,2024-00072159,W ROBINSON ST / STUBBEMAN AVE,Road Rage,OK0140200
10/3/2024 14:51,2024-00072165,1221 GLENWOOD ST,Larceny,OK0140200
10/3/2024 14:52,2024-00072161,3001 OAK TREE AVE,Stolen Vehicle,OK0140200
10/3/2024 14:55,2024-00072160,3571 W ROCK CREEK RD,Mutual Aid,OK0140200
10/3/2024 14:55,2024-00072162,24TH AVE NW / W ROBINSON ST,Motorist Assist,OK0140200
10/3/2024 14:58,2024-00072175,520 CREST PL,Animal Trapped,OK0140200
10/3/2024 15:00,2024-00072164,201 W GRAY ST,Follow Up,OK0140200
10/3/2024 15:04,2024-00072163,W STATE HWY 9 HWY / W IMHOFF RD,Traffic Stop,OK0140200
10/3/2024 15:10,2024-00072166,16407 TOPAZ LN,Harassment / Threats Report,OK0140200
10/3/2024 15:12,2024-00015077,1351 HIGH MEADOWS DR,Fire Electrical Check,14005
10/3/2024 15:12,2024-00072167,JOURNEY PKWY / N INTERSTATE DR,Disturbance/Domestic,OK0140200
10/3/2024 15:12,2024-00072196,201 W GRAY ST,Contact a Subject,OK0140200
10/3/2024 15:16,2024-00072168,3400 W MAIN ST,Larceny,OK0140200
10/3/2024 15:18,2024-00019756,3300 HEALTHPLEX PKWY,Transfer/Interfacility,EMSSTAT
10/3/2024 15:20,2024-00072170,3651 CLASSEN BLVD,Larceny,OK0140200
10/3/2024 15:29,2024-00072169,STATE HWY 9 HWY / 120TH AVE SE,Road Rage,OK0140200
10/3/2024 15:33,2024-00015078,4150 48TH AVE NE,Unconscious/Fainting,14005
10/3/2024 15:33,2024-00019753,4150 48TH AVE NE,Unconscious/Fainting,EMSSTAT
10/3/2024 15:37,2024-00072172,400 BUCHANAN AVE,Contact a Subject,OK0140200
10/3/2024 15:40,2024-00072171,979 LEXINGTON ST,Traffic Stop,OK0140200
10/3/2024 15:44,2024-00072173,1216 HIGH MEADOWS DR,Follow Up,OK0140200
10/3/2024 15:45,2024-00015079,2905 WINDMILL CIR,Convulsion/Seizure,14005
10/3/2024 15:45,2024-00019754,2905 WINDMILL CIR,Convulsion/Seizure,EMSSTAT
10/3/2024 15:46,2024-00072176,135 12TH AVE SE,Traffic Stop,OK0140200
10/3/2024 15:48,2024-00072186,500 N SHERRY AVE,Reckless Driving,OK0140200
10/3/2024 15:48,2024-00072177,508 ENGLISH ELM LN,Animal Trapped,OK0140200
10/3/2024 15:51,2024-00072187,3651 CLASSEN BLVD,Larceny,OK0140200
10/3/2024 15:51,2024-00072184,4417 GREEN VIEW CIR,Contact a Subject,OK0140200
10/3/2024 15:52,2024-00072178,W STATE HWY 9 HWY / MCGEE DR,Welfare Check,OK0140200
10/3/2024 15:55,2024-00072179,911 W MAIN ST,COP Relationships,OK0140200
10/3/2024 15:56,2024-00015080,929 23RD ST SE,Breathing Problems,14005
10/3/2024 15:56,2024-00019755,929 23RD ST SE,Breathing Problems,EMSSTAT
10/3/2024 15:56,2024-00072181,2000 W BROOKS ST,Contact a Subject,OK0140200
10/3/2024 15:58,2024-00072190,3603 CHATHAM CT,Runaway or Lost Child,OK0140200
10/3/2024 16:01,2024-00072192,E STATE HWY 9 HWY / 72ND AVE SE,Suspicious,OK0140200
10/3/2024 16:04,2024-00072183,2440 W MAIN ST,Suspicious,OK0140200
10/3/2024 16:07,2024-00072182,100 PAGE ST,Parking Problem,OK0140200
10/3/2024 16:09,2024-00072185,1220 NEWBURY DR,Contact a Subject,OK0140200
10/3/2024 16:11,2024-00072189,ALAMEDA ST / 36TH AVE NE,Animal Dead,OK0140200
10/3/2024 16:15,2024-00072188,425 24TH AVE NW,Welfare Check,OK0140200
10/3/2024 16:22,2024-00072191,301 E DALE ST,Disturbance/Domestic,OK0140200
10/3/2024 16:27,2024-00072216,520 WILLOW BRANCH RD,Runaway or Lost Child,OK0140200
10/3/2024 16:37,2024-00072193,101 CRESTLAND DR,Disturbance/Domestic,OK0140200
10/3/2024 16:40,2024-00072194,1101 W STATE HWY 9 HWY,Motorist Assist,OK0140200
10/3/2024 16:42,2024-00072209,2556 CLASSEN BLVD,Hit and Run,OK0140200
10/3/2024 16:46,2024-00072200,151 12TH AVE SE,Alarm,OK0140200
10/3/2024 16:47,2024-00072199,4714 CLASSEN BLVD,Open Door/Premises Check,OK0140200
10/3/2024 16:49,2024-00072198,E STATE HWY 9 HWY / JOHN SAXON BLVD,Welfare Check,OK0140200
10/3/2024 16:50,2024-00072197,703 W HUGHBERT ST,Contact a Subject,OK0140200
10/3/2024 16:57,2024-00072201,1900 E STATE HWY 9 HWY,Traffic Stop,OK0140200
10/3/2024 17:01,2024-00072203,2900 OAK TREE AVE,Disturbance/Domestic,OK0140200
10/3/2024 17:02,2024-00015081,POST OAK RD / 72ND AVE SE,Fire Grass,14005
10/3/2024 17:07,2024-00072206,1900 RENAISSANCE DR,Disturbance/Domestic,OK0140200
10/3/2024 17:07,2024-00072204,1251 ALAMEDA ST,Larceny,OK0140200
10/3/2024 17:13,2024-00072205,NHS SOFTBALL FIELD BON 24TH SE,COP Relationships,OK0140200
10/3/2024 17:14,2024-00072211,4529 MOORGATE DR,Fraud,OK0140200
10/3/2024 17:19,2024-00072208,607 W BOYD ST,Suspicious,OK0140200
10/3/2024 17:19,2024-00072207,3603 CHATHAM CT,Runaway or Lost Child,OK0140200
10/3/2024 17:23,2024-00015082,W LINDSEY ST / ED NOBLE PKWY,Allergies/Envenomations,14005
10/3/2024 17:23,2024-00019758,W LINDSEY ST / ED NOBLE PKWY,Allergies/Envenomations,EMSSTAT
10/3/2024 17:23,2024-00072210,W LINDSEY ST / ED NOBLE PKWY,Disturbance/Domestic,OK0140200
10/3/2024 17:26,2024-00072212,ROYAL OAK DR / FOREST DR,Runaway or Lost Child,OK0140200
10/3/2024 17:39,2024-00072217,201 W GRAY ST,Fraud,OK0140200
10/3/2024 17:41,2024-00072213,E BOYD ST / SUNRISE ST,Suspicious,OK0140200
10/3/2024 17:47,2024-00072214,2561 CLASSEN BLVD,Traffic Stop,OK0140200
10/3/2024 17:48,2024-00015083,1500 DON RAY RD,Fire Smoke Investigation,14005
10/3/2024 17:51,2024-00072215,E ROBINSON ST / 12TH AVE NE,Motorist Assist,OK0140200
10/3/2024 17:58,2024-00072222,2300 CONFERENCE DR,Larceny,OK0140200
10/3/2024 18:00,2024-00072218,1919 W BOYD ST,COP Relationships,OK0140200
10/3/2024 18:02,2024-00072225,628 REED AVE,Larceny,OK0140200
10/3/2024 18:03,2024-00072219,PARK DR / W COMANCHE ST,MVA Non Injury,OK0140200
10/3/2024 18:08,2024-00015084,201 W DAWS ST,Traumatic Injury,14005
10/3/2024 18:08,2024-00019759,201 W DAWS ST,Traumatic Injury,EMSSTAT
10/3/2024 18:09,2024-00072220,301 E DALE ST,Disturbance/Domestic,OK0140200
10/3/2024 18:10,2024-00072221,24TH AVE NW / W ROBINSON ST,Welfare Check,OK0140200
10/3/2024 18:18,2024-00015085,1111 24TH AVE SW,Sick Person,14005
10/3/2024 18:18,2024-00019760,1111 24TH AVE SW,Sick Person,EMSSTAT
10/3/2024 18:19,2024-00072223,108TH AVE SE / E POST OAK RD,Contact a Subject,OK0140200
10/3/2024 18:25,2024-00072224,229 E MAIN ST,Trespassing,OK0140200
10/3/2024 18:29,2024-00019768,700 S TELEPHONE RD,Transfer/Interfacility,EMSSTAT
10/3/2024 18:30,2024-00019765,700 S TELEPHONE RD,Transfer/Interfacility,EMSSTAT
10/3/2024 18:31,2024-00019761,301 E DALE ST,Sick Person,EMSSTAT
10/3/2024 18:37,2024-00015086,4331 ALAMEDA ST,MVA With Injuries,14005
10/3/2024 18:37,2024-00019762,4331 ALAMEDA ST,MVA With Injuries,EMSSTAT
10/3/2024 18:37,2024-00072226,4331 ALAMEDA ST,MVA With Injuries,OK0140200
10/3/2024 18:42,2024-00072235,921 HEATHER GLEN TER,Assault,OK0140200
10/3/2024 18:52,2024-00072227,2420 CLASSEN BLVD,Runaway or Lost Child,OK0140200
10/3/2024 18:53,2024-00072233,2900 CHAUTAUQUA AVE,Harassment / Threats Report,OK0140200
10/3/2024 18:55,2024-00015087,4400 W MAIN ST,Fire Residential,14005
10/3/2024 18:55,2024-00019763,4400 W MAIN ST,Fire Residential,EMSSTAT
10/3/2024 18:58,2024-00015088,1000 ALAMEDA ST,Traumatic Injury,14005
10/3/2024 18:58,2024-00019764,1000 ALAMEDA ST,Traumatic Injury,EMSSTAT
10/3/2024 18:58,2024-00072228,1000 ALAMEDA ST,Welfare Check,OK0140200
10/3/2024 18:59,2024-00072229,W EUFAULA ST / BNSF RR,Welfare Check,OK0140200
10/3/2024 19:00,2024-00072231,1846 12TH AVE SE,Vandalism,OK0140200
10/3/2024 19:09,2024-00072230,12TH AVE NE / E ROBINSON ST,Contact a Subject,OK0140200
10/3/2024 19:13,2024-00015089,4300 LAIRD'S WOODS CIR,Choking,14005
10/3/2024 19:13,2024-00019766,4300 LAIRD'S WOODS CIR,Choking,EMSSTAT
10/3/2024 19:15,2024-00072232,3571 W ROCK CREEK RD,Suspicious,OK0140200
10/3/2024 19:29,2024-00015090,1515 E BOYD ST,Choking,14005
10/3/2024 19:29,2024-00019767,1515 E BOYD ST,Choking,EMSSTAT
10/3/2024 19:36,2024-00072237,1721 JENNIFER CIR,Pick Up Items,OK0140200
10/3/2024 19:37,2024-00072234,EMERALD WAY / COLLEGE AVE,Parking Problem,OK0140200
10/3/2024 19:38,2024-00072240,201 W GRAY ST,Contact a Subject,OK0140200
10/3/2024 19:50,2024-00072236,1004 24TH AVE NW,Alarm,OK0140200
10/3/2024 20:11,2024-00072239,2018 BARB DR,Check Area,OK0140200
10/3/2024 20:14,2024-00015091,3916 SPARKLE ST,Heart Problems/AICD,14005
10/3/2024 20:14,2024-00019769,3916 SPARKLE ST,Heart Problems/AICD,EMSSTAT
10/3/2024 20:18,2024-00015092,1750 S I35 NB I,MVA With Injuries,14005
10/3/2024 20:18,2024-00019770,1750 S I35 NB I,MVA With Injuries,EMSSTAT
10/3/2024 20:18,2024-00072238,2824 DEWEY AVE,911 Call Nature Unknown,OK0140200
10/3/2024 20:19,2024-00015093,1695 ASP AVE,MVA With Injuries,14005
10/3/2024 20:19,2024-00019771,1695 ASP AVE,MVA With Injuries,EMSSTAT
10/3/2024 20:22,2024-00072241,3428 JENKINS AVE,Animal Trapped,OK0140200
10/3/2024 20:31,2024-00072243,4001 168TH AVE NE,Supplement Report,OK0140200
10/3/2024 20:31,2024-00072244,2420 CLASSEN BLVD,Supplement Report,OK0140200
10/3/2024 20:34,2024-00072242,W ROBINSON ST / N FLOOD AVE,Traffic Stop,OK0140200
10/3/2024 20:34,2024-00072250,2400 TRAILWOOD DR,Barking Dog,OK0140200
10/3/2024 20:40,2024-00072252,1111 OAK TREE AVE,Harassment / Threats Report,OK0140200
10/3/2024 20:40,2024-00072245,2021 ALAMEDA ST,Disturbance/Domestic,OK0140200
10/3/2024 20:42,2024-00072256,715 HARDIN DR,Barking Dog,OK0140200
10/3/2024 20:44,2024-00072254,1706 HIGH MEADOWS DR,Harassment / Threats Report,OK0140200
10/3/2024 20:49,2024-00019773,1401 SW 34TH ST,Transfer/Interfacility,EMSSTAT
10/3/2024 20:49,2024-00072246,529 BUCHANAN AVE,Special Assignment,OK0140200
10/3/2024 20:53,2024-00072251,1705 HILLCREST DR,Larceny,OK0140200
10/3/2024 20:56,2024-00015094,1000 168TH AVE NE,MVA With Injuries,14005
10/3/2024 20:56,2024-00019772,1000 168TH AVE NE,MVA With Injuries,EMSSTAT
10/3/2024 21:03,2024-00072247,168TH AVE NE / E STATE HWY 9 HWY,MVA Non Injury,OK0140200
10/3/2024 21:10,2024-00019775,2000 ANN BRANDEN BLVD,Transfer/Interfacility,EMSSTAT
10/3/2024 21:14,2024-00072249,1025 N PETERS AVE,Welfare Check,OK0140200
10/3/2024 21:17,2024-00072248,1703 CHAUCER DR,Prowler,OK0140200
10/3/2024 21:23,2024-00019774,3300 HEALTHPLEX PKWY,Transfer/Interfacility,EMSSTAT
10/3/2024 21:24,2024-00072257,730 STINSON ST,Parking Problem,OK0140200
10/3/2024 21:39,2024-00072253,1213 GREENBRIAR CT,Disturbance/Domestic,OK0140200
10/3/2024 21:54,2024-00072255,1732 24TH AVE SE,Traffic Stop,OK0140200
10/3/2024 22:02,2024-00072258,1720 W LINDSEY ST,Alarm Holdup/Panic,OK0140200
10/3/2024 22:03,2024-00015095,1308 PROSPECT CT,Fire Carbon Monoxide Alarm,14005
10/3/2024 22:16,2024-00072259,1143 E ROCK CREEK RD,Traffic Stop,OK0140200
10/3/2024 22:17,2024-00072260,636 12TH AVE SE,Traffic Stop,OK0140200
10/3/2024 22:22,2024-00072261,314 S LAHOMA AVE,Parking Problem,OK0140200
10/3/2024 22:27,2024-00072262,2445 12TH AVE NE,Traffic Stop,OK0140200
10/3/2024 22:35,2024-00072264,2824 DEWEY AVE,Suspicious,OK0140200
10/3/2024 22:36,2024-00072263,E BOYD ST / OKLAHOMA AVE,Suspicious,OK0140200
10/3/2024 22:38,2024-00019776,3110 HEALTHPLEX PKWY,Chest Pain,EMSSTAT
10/3/2024 22:41,2024-00072272,650 W LINDSEY ST,Loud Party,OK0140200
10/3/2024 22:41,2024-00019778,2000 ANN BRANDEN BLVD,Transfer/Interfacility,EMSSTAT
10/3/2024 22:45,2024-00072265,W TECUMSEH RD / 60TH AVE NW,Traffic Stop,OK0140200
10/3/2024 22:49,2024-00072266,1151 E BROOKS ST,Check Area,OK0140200
10/3/2024 22:53,2024-00072269,606 CHAUTAUQUA AVE,Vandalism,OK0140200
10/3/2024 22:53,2024-00015096,4312 SPYGLASS DR,Medical Call Pd Requested,14005
10/3/2024 22:53,2024-00019777,4312 SPYGLASS DR,Medical Call Pd Requested,EMSSTAT
10/3/2024 22:55,2024-00072276,E BOYD ST / JENKINS AVE,Foot Patrol,OK0140200
10/3/2024 22:55,2024-00072267,N PORTER AVE / E ROCK CREEK RD,Traffic Stop,OK0140200
10/3/2024 22:56,2024-00072268,2097 ALAMEDA ST,Traffic Stop,OK0140200
10/3/2024 23:02,2024-00072270,KINGSLAND RD / KENSAL RISE PL,Traffic Stop,OK0140200
10/3/2024 23:04,2024-00072271,E BOYD ST / JENKINS AVE,Test Call,OK0140200
10/3/2024 23:06,2024-00072273,800 W MAIN ST,Alarm Holdup/Panic,OK0140200
10/3/2024 23:10,2024-00072274,W ROBINSON ST / STUBBEMAN AVE,Traffic Stop,OK0140200
10/3/2024 23:10,2024-00015097,2316 W LINDSEY ST,Abdominal Pains/Problems,14005
10/3/2024 23:10,2024-00019779,2316 W LINDSEY ST,Abdominal Pains/Problems,EMSSTAT
10/3/2024 23:11,2024-00015098,2657 CLASSEN BLVD,Assault EMS Needed,14005
10/3/2024 23:11,2024-00019780,2657 CLASSEN BLVD,Assault EMS Needed,EMSSTAT
10/3/2024 23:11,2024-00072275,2657 CLASSEN BLVD,Disturbance/Domestic,OK0140200
10/3/2024 23:23,2024-00072277,1164 W LINDSEY ST,Traffic Stop,OK0140200
10/3/2024 23:25,2024-00015099,2404 BONNYBROOK ST,Public Assist,14005
